<ImportExportXml version="9.1.0.20158" SolutionPackageVersion="9.1" languagecode="1033" generatedBy="CrmLive" xmlns:xsi="http://www.w3.org/2001/XMLSchema-instance">
  <SolutionManifest>
    <UniqueName>IRDP_CsTeamMemberApp_Customised</UniqueName>
    <LocalizedNames>
      <LocalizedName description="IRDP_CsTeamMemberApp_Customised" languagecode="1033" />
    </LocalizedNames>
    <Descriptions />
    <Version>0.3</Version>
    <Managed>1</Managed>
    <Publisher>
      <UniqueName>NhsBloodAndTransplant</UniqueName>
      <LocalizedNames>
        <LocalizedName description="NHS Blood and Transplant" languagecode="1033" />
      </LocalizedNames>
      <Descriptions />
      <EMailAddress xsi:nil="true"></EMailAddress>
      <SupportingWebsiteUrl xsi:nil="true"></SupportingWebsiteUrl>
      <CustomizationPrefix>nhs</CustomizationPrefix>
      <CustomizationOptionValuePrefix>12713</CustomizationOptionValuePrefix>
      <Addresses>
        <Address>
          <AddressNumber>1</AddressNumber>
          <AddressTypeCode>1</AddressTypeCode>
          <City xsi:nil="true"></City>
          <County xsi:nil="true"></County>
          <Country xsi:nil="true"></Country>
          <Fax xsi:nil="true"></Fax>
          <FreightTermsCode xsi:nil="true"></FreightTermsCode>
          <ImportSequenceNumber xsi:nil="true"></ImportSequenceNumber>
          <Latitude xsi:nil="true"></Latitude>
          <Line1 xsi:nil="true"></Line1>
          <Line2 xsi:nil="true"></Line2>
          <Line3 xsi:nil="true"></Line3>
          <Longitude xsi:nil="true"></Longitude>
          <Name xsi:nil="true"></Name>
          <PostalCode xsi:nil="true"></PostalCode>
          <PostOfficeBox xsi:nil="true"></PostOfficeBox>
          <PrimaryContactName xsi:nil="true"></PrimaryContactName>
          <ShippingMethodCode>1</ShippingMethodCode>
          <StateOrProvince xsi:nil="true"></StateOrProvince>
          <Telephone1 xsi:nil="true"></Telephone1>
          <Telephone2 xsi:nil="true"></Telephone2>
          <Telephone3 xsi:nil="true"></Telephone3>
          <TimeZoneRuleVersionNumber xsi:nil="true"></TimeZoneRuleVersionNumber>
          <UPSZone xsi:nil="true"></UPSZone>
          <UTCOffset xsi:nil="true"></UTCOffset>
          <UTCConversionTimeZoneCode xsi:nil="true"></UTCConversionTimeZoneCode>
        </Address>
        <Address>
          <AddressNumber>2</AddressNumber>
          <AddressTypeCode>1</AddressTypeCode>
          <City xsi:nil="true"></City>
          <County xsi:nil="true"></County>
          <Country xsi:nil="true"></Country>
          <Fax xsi:nil="true"></Fax>
          <FreightTermsCode xsi:nil="true"></FreightTermsCode>
          <ImportSequenceNumber xsi:nil="true"></ImportSequenceNumber>
          <Latitude xsi:nil="true"></Latitude>
          <Line1 xsi:nil="true"></Line1>
          <Line2 xsi:nil="true"></Line2>
          <Line3 xsi:nil="true"></Line3>
          <Longitude xsi:nil="true"></Longitude>
          <Name xsi:nil="true"></Name>
          <PostalCode xsi:nil="true"></PostalCode>
          <PostOfficeBox xsi:nil="true"></PostOfficeBox>
          <PrimaryContactName xsi:nil="true"></PrimaryContactName>
          <ShippingMethodCode>1</ShippingMethodCode>
          <StateOrProvince xsi:nil="true"></StateOrProvince>
          <Telephone1 xsi:nil="true"></Telephone1>
          <Telephone2 xsi:nil="true"></Telephone2>
          <Telephone3 xsi:nil="true"></Telephone3>
          <TimeZoneRuleVersionNumber xsi:nil="true"></TimeZoneRuleVersionNumber>
          <UPSZone xsi:nil="true"></UPSZone>
          <UTCOffset xsi:nil="true"></UTCOffset>
          <UTCConversionTimeZoneCode xsi:nil="true"></UTCConversionTimeZoneCode>
        </Address>
      </Addresses>
    </Publisher>
    <RootComponents>
      <RootComponent type="1" schemaName="account" behavior="2" />
      <RootComponent type="1" schemaName="contact" behavior="2" />
      <RootComponent type="1" schemaName="nhs_antigen" behavior="0" />
      <RootComponent type="1" schemaName="nhs_antigenrarityassociation" behavior="0" />
      <RootComponent type="1" schemaName="nhs_antigensourceassociation" behavior="0" />
      <RootComponent type="1" schemaName="nhs_bloodgroupsystem" behavior="0" />
      <RootComponent type="1" schemaName="nhs_configentity" behavior="0" />
      <RootComponent type="1" schemaName="nhs_country" behavior="0" />
      <RootComponent type="1" schemaName="nhs_rarebloodsource" behavior="0" />
      <RootComponent type="1" schemaName="nhs_rarity" behavior="0" />
      <RootComponent type="1" schemaName="nhs_raritysourceassociation" behavior="0" />
      <RootComponent type="1" schemaName="nhs_searchexecution" behavior="0" />
      <RootComponent type="1" schemaName="systemuser" behavior="2" />
      <RootComponent type="1" schemaName="task" behavior="2" />
      <RootComponent type="20" id="{350d0832-8e1b-ea11-a81d-000d3a6d6cdc}" behavior="0" />
      <RootComponent type="20" id="{b227d587-bc12-ea11-a811-000d3a86b423}" behavior="0" />
      <RootComponent type="20" id="{b6d9a5de-b412-ea11-a811-000d3a86b423}" behavior="0" />
      <RootComponent type="20" id="{d986fdc5-ae12-ea11-a811-000d3a86b423}" behavior="0" />
      <RootComponent type="60" id="{2854ef23-4e68-ea11-a811-000d3a3a7f02}" behavior="0" />
      <RootComponent type="60" id="{3fd1ef9c-9e6a-ea11-a811-000d3a3a76f4}" behavior="0" />
      <RootComponent type="60" id="{91f337ad-a1b0-4b47-a5a7-c77e6fa4e988}" behavior="0" />
      <RootComponent type="61" schemaName="nhs_EarthWhite" behavior="0" />
      <RootComponent type="80" schemaName="CustomerServiceTeamMember" behavior="0" />
    </RootComponents>
    <MissingDependencies>
      <MissingDependency>
        <Required key="0" type="1" schemaName="nhs_rarebloodsourceimport" displayName="Rare Blood Source Import" solution="Active" />
        <Dependent key="1" type="1" schemaName="nhs_rarebloodsource" displayName="Rare Blood Source" />
      </MissingDependency>
      <MissingDependency>
        <Required key="2" type="2" schemaName="nhs_telephone1ext" displayName="Preferred Phone Extension" parentSchemaName="contact" parentDisplayName="Contact" solution="Active" />
        <Dependent key="3" type="60" displayName="IRDP Contact" parentDisplayName="Contact" id="{91f337ad-a1b0-4b47-a5a7-c77e6fa4e988}" />
      </MissingDependency>
      <MissingDependency>
        <Required key="4" type="2" schemaName="businesscard" displayName="Business Card" parentSchemaName="contact" parentDisplayName="Contact" solution="msdynce_SalesPatch201904 (9.0.1912.1007)" />
        <Dependent key="3" type="60" displayName="IRDP Contact" parentDisplayName="Contact" id="{91f337ad-a1b0-4b47-a5a7-c77e6fa4e988}" />
      </MissingDependency>
      <MissingDependency>
        <Required key="5" type="2" schemaName="businesscardattributes" displayName="BusinessCardAttributes" parentSchemaName="contact" parentDisplayName="Contact" solution="msdynce_SalesPatch201904 (9.0.1912.1007)" />
        <Dependent key="3" type="60" displayName="IRDP Contact" parentDisplayName="Contact" id="{91f337ad-a1b0-4b47-a5a7-c77e6fa4e988}" />
      </MissingDependency>
      <MissingDependency>
        <Required key="6" type="2" schemaName="nhs_telephone2ext" displayName="Secondary Phone Extenstion" parentSchemaName="contact" parentDisplayName="Contact" solution="Active" />
        <Dependent key="3" type="60" displayName="IRDP Contact" parentDisplayName="Contact" id="{91f337ad-a1b0-4b47-a5a7-c77e6fa4e988}" />
      </MissingDependency>
      <MissingDependency>
        <Required key="7" type="60" displayName="account contact card" parentDisplayName="Contact" solution="msdynce_AppCommon (9.0.4.0066)" id="{29de27bc-a257-4f29-99cf-bab4a84e688f}" />
        <Dependent key="3" type="60" displayName="IRDP Contact" parentDisplayName="Contact" id="{91f337ad-a1b0-4b47-a5a7-c77e6fa4e988}" />
      </MissingDependency>
      <MissingDependency>
        <Required key="8" type="66" schemaName="Intelligence.BusinessCardReaderControl.BusinessCardReader" displayName="Intelligence.BusinessCardReaderControl.BusinessCardReader" solution="BaseCustomControlsCore (9.0.2006.5017)" />
        <Dependent key="3" type="60" displayName="IRDP Contact" parentDisplayName="Contact" id="{91f337ad-a1b0-4b47-a5a7-c77e6fa4e988}" />
      </MissingDependency>
      <MissingDependency>
        <Required key="9" type="61" schemaName="nhs_ContactFormScript" displayName="nhs_ContactFormScript" solution="Active" />
        <Dependent key="3" type="60" displayName="IRDP Contact" parentDisplayName="Contact" id="{91f337ad-a1b0-4b47-a5a7-c77e6fa4e988}" />
      </MissingDependency>
      <MissingDependency>
        <Required key="10" type="61" schemaName="msdyn_talkingpointsloader.js" displayName="msdyn_talkingpointsloader.js" solution="msdynce_Talkingpoints (9.0.1.701062)" />
        <Dependent key="3" type="60" displayName="IRDP Contact" parentDisplayName="Contact" id="{91f337ad-a1b0-4b47-a5a7-c77e6fa4e988}" />
      </MissingDependency>
      <MissingDependency>
        <Required key="11" type="61" schemaName="nhs_IrdpCommon.js" displayName="nhs_IrdpCommon.js" solution="Active" />
        <Dependent key="3" type="60" displayName="IRDP Contact" parentDisplayName="Contact" id="{91f337ad-a1b0-4b47-a5a7-c77e6fa4e988}" />
      </MissingDependency>
      <MissingDependency>
        <Required key="12" type="61" schemaName="nhs_global" displayName="nhs_global" solution="Active" />
        <Dependent key="3" type="60" displayName="IRDP Contact" parentDisplayName="Contact" id="{91f337ad-a1b0-4b47-a5a7-c77e6fa4e988}" />
      </MissingDependency>
      <MissingDependency>
        <Required key="13" type="59" schemaName="Tasks by Month Due" displayName="Tasks by Month Due" parentSchemaName="task" parentDisplayName="Task" solution="msdynce_AppCommon (9.0.4.0066)" id="{9e6a8b06-6d14-46e6-bbf5-95c388c6eb7a}" />
        <Dependent key="14" type="60" displayName="Contributor Dashboard" id="{2854ef23-4e68-ea11-a811-000d3a3a7f02}" />
      </MissingDependency>
      <MissingDependency>
        <Required key="13" type="59" schemaName="Tasks by Month Due" displayName="Tasks by Month Due" parentSchemaName="task" parentDisplayName="Task" solution="msdynce_AppCommon (9.0.4.0066)" id="{9e6a8b06-6d14-46e6-bbf5-95c388c6eb7a}" />
        <Dependent key="15" type="60" displayName="IRDP Admin Dashboard" id="{3fd1ef9c-9e6a-ea11-a811-000d3a3a76f4}" />
      </MissingDependency>
      <MissingDependency>
        <Required key="16" type="66" schemaName="MscrmControls.Grid.ReadOnlyGrid" displayName="MscrmControls.Grid.ReadOnlyGrid" solution="BaseCustomControlsCore (9.0.2006.5017)" />
        <Dependent key="17" type="60" displayName="Information" parentDisplayName="Rare Blood Source" id="{22aeee41-2e06-4781-b53e-c6346dfdea99}" />
      </MissingDependency>
      <MissingDependency>
        <Required key="18" type="66" schemaName="MscrmControls.OptionSet.OptionSetControl" displayName="MscrmControls.OptionSet.OptionSetControl" solution="CustomControlsCore (9.1.0000.20158)" />
        <Dependent key="17" type="60" displayName="Information" parentDisplayName="Rare Blood Source" id="{22aeee41-2e06-4781-b53e-c6346dfdea99}" />
      </MissingDependency>
      <MissingDependency>
        <Required key="11" type="61" schemaName="nhs_IrdpCommon.js" displayName="nhs_IrdpCommon.js" solution="Active" />
        <Dependent key="17" type="60" displayName="Information" parentDisplayName="Rare Blood Source" id="{22aeee41-2e06-4781-b53e-c6346dfdea99}" />
      </MissingDependency>
      <MissingDependency>
        <Required key="12" type="61" schemaName="nhs_global" displayName="nhs_global" solution="Active" />
        <Dependent key="17" type="60" displayName="Information" parentDisplayName="Rare Blood Source" id="{22aeee41-2e06-4781-b53e-c6346dfdea99}" />
      </MissingDependency>
      <MissingDependency>
        <Required key="19" type="61" schemaName="nhs_RareBloodSourceFormScript" displayName="nhs_RareBloodSourceFormScript" solution="Active" />
        <Dependent key="17" type="60" displayName="Information" parentDisplayName="Rare Blood Source" id="{22aeee41-2e06-4781-b53e-c6346dfdea99}" />
      </MissingDependency>
      <MissingDependency>
        <Required key="20" type="61" schemaName="nhs_AntigenFormScript" displayName="nhs_AntigenFormScript" solution="Active" />
        <Dependent key="21" type="60" displayName="Information" parentDisplayName="Antigen" id="{4bee583e-2090-4143-bee3-a15857ea4b02}" />
      </MissingDependency>
      <MissingDependency>
        <Required key="11" type="61" schemaName="nhs_IrdpCommon.js" displayName="nhs_IrdpCommon.js" solution="Active" />
        <Dependent key="21" type="60" displayName="Information" parentDisplayName="Antigen" id="{4bee583e-2090-4143-bee3-a15857ea4b02}" />
      </MissingDependency>
      <MissingDependency>
        <Required key="22" type="61" schemaName="nhs_RaritySourceAssociationFormScript" displayName="nhs_RaritySourceAssociationFormScript" solution="Active" />
        <Dependent key="23" type="60" displayName="Information" parentDisplayName="Rarity-Source Association" id="{b3df6289-78fa-4716-803a-e526acb113d2}" />
      </MissingDependency>
      <MissingDependency>
        <Required key="11" type="61" schemaName="nhs_IrdpCommon.js" displayName="nhs_IrdpCommon.js" solution="Active" />
        <Dependent key="23" type="60" displayName="Information" parentDisplayName="Rarity-Source Association" id="{b3df6289-78fa-4716-803a-e526acb113d2}" />
      </MissingDependency>
      <MissingDependency>
        <Required key="24" type="61" schemaName="nhs_RarityFormScript" displayName="nhs_RarityFormScript" solution="Active" />
        <Dependent key="25" type="60" displayName="Information" parentDisplayName="Rarity" id="{86c952aa-a512-46bb-b8a1-879ec09231f2}" />
      </MissingDependency>
      <MissingDependency>
        <Required key="11" type="61" schemaName="nhs_IrdpCommon.js" displayName="nhs_IrdpCommon.js" solution="Active" />
        <Dependent key="25" type="60" displayName="Information" parentDisplayName="Rarity" id="{86c952aa-a512-46bb-b8a1-879ec09231f2}" />
      </MissingDependency>
      <MissingDependency>
        <Required key="26" type="61" schemaName="nhs_AntigenSourceAssociationFormScript" displayName="nhs_AntigenSourceAssociationFormScript" solution="Active" />
        <Dependent key="27" type="60" displayName="Quick Create Antigen Association" parentDisplayName="Antigen-Source Association" id="{1d57e8ad-fd00-42bb-8634-38fe8aad6780}" />
      </MissingDependency>
      <MissingDependency>
        <Required key="12" type="61" schemaName="nhs_global" displayName="nhs_global" solution="Active" />
        <Dependent key="27" type="60" displayName="Quick Create Antigen Association" parentDisplayName="Antigen-Source Association" id="{1d57e8ad-fd00-42bb-8634-38fe8aad6780}" />
      </MissingDependency>
      <MissingDependency>
        <Required key="26" type="61" schemaName="nhs_AntigenSourceAssociationFormScript" displayName="nhs_AntigenSourceAssociationFormScript" solution="Active" />
        <Dependent key="28" type="60" displayName="Information" parentDisplayName="Antigen-Source Association" id="{4651f199-0bed-415c-b13c-621a8c2bb25b}" />
      </MissingDependency>
      <MissingDependency>
        <Required key="11" type="61" schemaName="nhs_IrdpCommon.js" displayName="nhs_IrdpCommon.js" solution="Active" />
        <Dependent key="28" type="60" displayName="Information" parentDisplayName="Antigen-Source Association" id="{4651f199-0bed-415c-b13c-621a8c2bb25b}" />
      </MissingDependency>
      <MissingDependency>
        <Required key="12" type="61" schemaName="nhs_global" displayName="nhs_global" solution="Active" />
        <Dependent key="28" type="60" displayName="Information" parentDisplayName="Antigen-Source Association" id="{4651f199-0bed-415c-b13c-621a8c2bb25b}" />
      </MissingDependency>
      <MissingDependency>
        <Required key="29" type="61" schemaName="nhs_BloodGroupSystemFormScript" displayName="nhs_BloodGroupSystemFormScript" solution="Active" />
        <Dependent key="30" type="60" displayName="Information" parentDisplayName="Blood Group System" id="{5075a5fe-2d0d-455e-8f20-d387650089d1}" />
      </MissingDependency>
      <MissingDependency>
        <Required key="11" type="61" schemaName="nhs_IrdpCommon.js" displayName="nhs_IrdpCommon.js" solution="Active" />
        <Dependent key="30" type="60" displayName="Information" parentDisplayName="Blood Group System" id="{5075a5fe-2d0d-455e-8f20-d387650089d1}" />
      </MissingDependency>
      <MissingDependency>
        <Required key="31" type="2" schemaName="nhs_countryid" displayName="Country" parentSchemaName="account" parentDisplayName="Account" solution="Active" />
        <Dependent key="32" type="26" schemaName="My Team's Account" displayName="My Team's Account" parentSchemaName="account" parentDisplayName="Account" id="{1188c3b9-b812-ea11-a811-000d3a86b423}" />
      </MissingDependency>
      <MissingDependency>
        <Required key="33" type="2" schemaName="nhs_panelcodeprefix" displayName="Panel Code Prefix (Retired)" parentSchemaName="account" parentDisplayName="Account" solution="Active" />
        <Dependent key="32" type="26" schemaName="My Team's Account" displayName="My Team's Account" parentSchemaName="account" parentDisplayName="Account" id="{1188c3b9-b812-ea11-a811-000d3a86b423}" />
      </MissingDependency>
      <MissingDependency>
        <Required key="34" type="2" schemaName="nhs_team" displayName="Team" parentSchemaName="account" parentDisplayName="Account" solution="Active" />
        <Dependent key="32" type="26" schemaName="My Team's Account" displayName="My Team's Account" parentSchemaName="account" parentDisplayName="Account" id="{1188c3b9-b812-ea11-a811-000d3a86b423}" />
      </MissingDependency>
      <MissingDependency>
        <Required key="35" type="2" schemaName="nhs_lastloginon" displayName="Last Login On" parentSchemaName="systemuser" parentDisplayName="User" solution="Active" />
        <Dependent key="36" type="26" schemaName="Licensed External Users" displayName="Licensed External Users" parentSchemaName="systemuser" parentDisplayName="User" id="{aeb14365-3868-ea11-a811-000d3a3a7f02}" />
      </MissingDependency>
      <MissingDependency>
        <Required key="37" type="9" schemaName="nhs_antigenresultsourcecontext" displayName="Antigen Result (Source Context)" solution="Active" />
        <Dependent key="38" type="2" schemaName="nhs_associateantigenoncreate_leb" displayName="Associate Antigen on Create - Leb" parentSchemaName="nhs_rarebloodsource" parentDisplayName="Rare Blood Source" />
      </MissingDependency>
      <MissingDependency>
        <Required key="37" type="9" schemaName="nhs_antigenresultsourcecontext" displayName="Antigen Result (Source Context)" solution="Active" />
        <Dependent key="39" type="2" schemaName="nhs_associateantigenoncreate_lea" displayName="Associate Antigen on Create - Lea" parentSchemaName="nhs_rarebloodsource" parentDisplayName="Rare Blood Source" />
      </MissingDependency>
      <MissingDependency>
        <Required key="37" type="9" schemaName="nhs_antigenresultsourcecontext" displayName="Antigen Result (Source Context)" solution="Active" />
        <Dependent key="40" type="2" schemaName="nhs_associateantigenoncreate_n" displayName="Associate Antigen on Create - N" parentSchemaName="nhs_rarebloodsource" parentDisplayName="Rare Blood Source" />
      </MissingDependency>
      <MissingDependency>
        <Required key="37" type="9" schemaName="nhs_antigenresultsourcecontext" displayName="Antigen Result (Source Context)" solution="Active" />
        <Dependent key="41" type="2" schemaName="nhs_associateantigenoncreate_fyb" displayName="Associate Antigen on Create - Fyb" parentSchemaName="nhs_rarebloodsource" parentDisplayName="Rare Blood Source" />
      </MissingDependency>
      <MissingDependency>
        <Required key="37" type="9" schemaName="nhs_antigenresultsourcecontext" displayName="Antigen Result (Source Context)" solution="Active" />
        <Dependent key="42" type="2" schemaName="nhs_associateantigenoncreate_bigc" displayName="Associate Antigen on Create - C" parentSchemaName="nhs_rarebloodsource" parentDisplayName="Rare Blood Source" />
      </MissingDependency>
      <MissingDependency>
        <Required key="37" type="9" schemaName="nhs_antigenresultsourcecontext" displayName="Antigen Result (Source Context)" solution="Active" />
        <Dependent key="43" type="2" schemaName="nhs_associateantigenoncreate_smalle" displayName="Associate Antigen on Create - e" parentSchemaName="nhs_rarebloodsource" parentDisplayName="Rare Blood Source" />
      </MissingDependency>
      <MissingDependency>
        <Required key="37" type="9" schemaName="nhs_antigenresultsourcecontext" displayName="Antigen Result (Source Context)" solution="Active" />
        <Dependent key="44" type="2" schemaName="nhs_associateantigenoncreate_smalls" displayName="Associate Antigen on Create - s" parentSchemaName="nhs_rarebloodsource" parentDisplayName="Rare Blood Source" />
      </MissingDependency>
      <MissingDependency>
        <Required key="37" type="9" schemaName="nhs_antigenresultsourcecontext" displayName="Antigen Result (Source Context)" solution="Active" />
        <Dependent key="45" type="2" schemaName="nhs_associateantigenoncreate_d" displayName="Associate Antigen on Create - D" parentSchemaName="nhs_rarebloodsource" parentDisplayName="Rare Blood Source" />
      </MissingDependency>
      <MissingDependency>
        <Required key="37" type="9" schemaName="nhs_antigenresultsourcecontext" displayName="Antigen Result (Source Context)" solution="Active" />
        <Dependent key="46" type="2" schemaName="nhs_associateantigenoncreate_smallk" displayName="Associate Antigen on Create - k" parentSchemaName="nhs_rarebloodsource" parentDisplayName="Rare Blood Source" />
      </MissingDependency>
      <MissingDependency>
        <Required key="37" type="9" schemaName="nhs_antigenresultsourcecontext" displayName="Antigen Result (Source Context)" solution="Active" />
        <Dependent key="47" type="2" schemaName="nhs_associateantigenoncreate_bigk" displayName="Associate Antigen on Create - K" parentSchemaName="nhs_rarebloodsource" parentDisplayName="Rare Blood Source" />
      </MissingDependency>
      <MissingDependency>
        <Required key="37" type="9" schemaName="nhs_antigenresultsourcecontext" displayName="Antigen Result (Source Context)" solution="Active" />
        <Dependent key="48" type="2" schemaName="nhs_associateantigenoncreate_bigs" displayName="Associate Antigen on Create - S" parentSchemaName="nhs_rarebloodsource" parentDisplayName="Rare Blood Source" />
      </MissingDependency>
      <MissingDependency>
        <Required key="37" type="9" schemaName="nhs_antigenresultsourcecontext" displayName="Antigen Result (Source Context)" solution="Active" />
        <Dependent key="49" type="2" schemaName="nhs_associateantigenoncreate_jkb" displayName="Associate Antigen on Create - Jkb" parentSchemaName="nhs_rarebloodsource" parentDisplayName="Rare Blood Source" />
      </MissingDependency>
      <MissingDependency>
        <Required key="37" type="9" schemaName="nhs_antigenresultsourcecontext" displayName="Antigen Result (Source Context)" solution="Active" />
        <Dependent key="50" type="2" schemaName="nhs_associateantigenoncreate_jka" displayName="Associate Antigen on Create - Jka" parentSchemaName="nhs_rarebloodsource" parentDisplayName="Rare Blood Source" />
      </MissingDependency>
      <MissingDependency>
        <Required key="37" type="9" schemaName="nhs_antigenresultsourcecontext" displayName="Antigen Result (Source Context)" solution="Active" />
        <Dependent key="51" type="2" schemaName="nhs_associateantigenoncreate_m" displayName="Associate Antigen on Create - M" parentSchemaName="nhs_rarebloodsource" parentDisplayName="Rare Blood Source" />
      </MissingDependency>
      <MissingDependency>
        <Required key="37" type="9" schemaName="nhs_antigenresultsourcecontext" displayName="Antigen Result (Source Context)" solution="Active" />
        <Dependent key="52" type="2" schemaName="nhs_associateantigenoncreate_fya" displayName="Associate Antigen on Create - Fya" parentSchemaName="nhs_rarebloodsource" parentDisplayName="Rare Blood Source" />
      </MissingDependency>
      <MissingDependency>
        <Required key="37" type="9" schemaName="nhs_antigenresultsourcecontext" displayName="Antigen Result (Source Context)" solution="Active" />
        <Dependent key="53" type="2" schemaName="nhs_antigenresult" displayName="Antigen Result" parentSchemaName="nhs_antigensourceassociation" parentDisplayName="Antigen-Source Association" />
      </MissingDependency>
      <MissingDependency>
        <Required key="37" type="9" schemaName="nhs_antigenresultsourcecontext" displayName="Antigen Result (Source Context)" solution="Active" />
        <Dependent key="54" type="2" schemaName="nhs_associateantigenoncreate_smallc" displayName="Associate Antigen on Create - c" parentSchemaName="nhs_rarebloodsource" parentDisplayName="Rare Blood Source" />
      </MissingDependency>
      <MissingDependency>
        <Required key="37" type="9" schemaName="nhs_antigenresultsourcecontext" displayName="Antigen Result (Source Context)" solution="Active" />
        <Dependent key="55" type="2" schemaName="nhs_associateantigenoncreate_bige" displayName="Associate Antigen on Create - E" parentSchemaName="nhs_rarebloodsource" parentDisplayName="Rare Blood Source" />
      </MissingDependency>
      <MissingDependency>
        <Required key="37" type="9" schemaName="nhs_antigenresultsourcecontext" displayName="Antigen Result (Source Context)" solution="Active" />
        <Dependent key="56" type="2" schemaName="nhs_associateantigenoncreate_cw" displayName="Associate Antigen on Create - Cw" parentSchemaName="nhs_rarebloodsource" parentDisplayName="Rare Blood Source" />
      </MissingDependency>
      <MissingDependency>
        <Required key="57" type="9" schemaName="nhs_abosubtypes" displayName="ABO Sub-types" solution="Active" />
        <Dependent key="58" type="2" schemaName="nhs_abotype" displayName="ABO Type" parentSchemaName="nhs_rarebloodsource" parentDisplayName="Rare Blood Source" />
      </MissingDependency>
      <MissingDependency>
        <Required key="59" type="9" schemaName="nhs_antigenresultraritycontext" displayName="Antigen Result (Rarity Context)" solution="Active" />
        <Dependent key="60" type="2" schemaName="nhs_antigenresultraritycontext" displayName="Antigen Result" parentSchemaName="nhs_antigenrarityassociation" parentDisplayName="Antigen-Rarity Association" />
      </MissingDependency>
      <MissingDependency>
        <Required key="61" type="20" displayName="Customer Service Team Member" solution="msdynce_CustomerServiceTeamMember (9.0.20034.2040)" id="{350d0832-8e1b-ea11-a81d-000d3a6d6cdc}" />
        <Dependent key="61" type="20" displayName="Customer Service Team Member" id="{350d0832-8e1b-ea11-a81d-000d3a6d6cdc}" />
      </MissingDependency>
      <MissingDependency>
        <Required key="62" type="26" schemaName="My Team's Inactive Contacts" displayName="My Team's Inactive Contacts" parentSchemaName="contact" parentDisplayName="Contact" solution="Active" id="{afdb2b7a-f43d-ea11-a812-000d3a3a7f02}" />
        <Dependent key="63" type="80" schemaName="CustomerServiceTeamMember" displayName="IRDP Customer Service Team Member" />
      </MissingDependency>
      <MissingDependency>
        <Required key="64" type="26" schemaName="My Team's Active Contacts" displayName="My Team's Active Contacts" parentSchemaName="contact" parentDisplayName="Contact" solution="Active" id="{d18b78b6-b912-ea11-a811-000d3a86b423}" />
        <Dependent key="63" type="80" schemaName="CustomerServiceTeamMember" displayName="IRDP Customer Service Team Member" />
      </MissingDependency>
      <MissingDependency>
        <Required key="65" type="26" schemaName="All Accounts" displayName="All Accounts" parentSchemaName="account" parentDisplayName="Account" solution="msdynce_AppCommon (9.0.4.0066)" id="{65ffaf9a-e8c5-432d-860b-32f841b00d87}" />
        <Dependent key="63" type="80" schemaName="CustomerServiceTeamMember" displayName="IRDP Customer Service Team Member" />
      </MissingDependency>
      <MissingDependency>
        <Required key="13" type="59" schemaName="Tasks by Month Due" displayName="Tasks by Month Due" parentSchemaName="task" parentDisplayName="Task" solution="msdynce_AppCommon (9.0.4.0066)" id="{9e6a8b06-6d14-46e6-bbf5-95c388c6eb7a}" />
        <Dependent key="63" type="80" schemaName="CustomerServiceTeamMember" displayName="IRDP Customer Service Team Member" />
      </MissingDependency>
      <MissingDependency>
        <Required key="7" type="60" displayName="account contact card" parentDisplayName="Contact" solution="msdynce_AppCommon (9.0.4.0066)" id="{29de27bc-a257-4f29-99cf-bab4a84e688f}" />
        <Dependent key="63" type="80" schemaName="CustomerServiceTeamMember" displayName="IRDP Customer Service Team Member" />
      </MissingDependency>
      <MissingDependency>
        <Required key="66" type="60" displayName="IRDP Account" parentDisplayName="Account" solution="Active" id="{faa94f83-5816-446c-b8a7-d35f65805e03}" />
        <Dependent key="63" type="80" schemaName="CustomerServiceTeamMember" displayName="IRDP Customer Service Team Member" />
      </MissingDependency>
      <MissingDependency>
        <Required key="67" type="62" schemaName="CustomerServiceTeamMember" solution="msdynce_CustomerServiceTeamMember (9.0.20034.2040)" />
        <Dependent key="63" type="80" schemaName="CustomerServiceTeamMember" displayName="IRDP Customer Service Team Member" />
      </MissingDependency>
      <MissingDependency>
        <Required key="63" type="80" schemaName="CustomerServiceTeamMember" displayName="IRDP Customer Service Team Member" solution="msdynce_CustomerServiceTeamMember (9.0.20034.2040)" />
        <Dependent key="63" type="80" schemaName="CustomerServiceTeamMember" displayName="IRDP Customer Service Team Member" />
      </MissingDependency>
      <MissingDependency>
        <Required key="22" type="61" schemaName="nhs_RaritySourceAssociationFormScript" displayName="nhs_RaritySourceAssociationFormScript" solution="Active" />
        <Dependent key="68" type="50" schemaName="nhs_raritysourceassociation:RibbonDiffXml" parentSchemaName="ribboncustomization" parentDisplayName="Application Ribbons" />
      </MissingDependency>
      <MissingDependency>
        <Required key="19" type="61" schemaName="nhs_RareBloodSourceFormScript" displayName="nhs_RareBloodSourceFormScript" solution="Active" />
        <Dependent key="68" type="50" schemaName="nhs_raritysourceassociation:RibbonDiffXml" parentSchemaName="ribboncustomization" parentDisplayName="Application Ribbons" />
      </MissingDependency>
      <MissingDependency>
        <Required key="26" type="61" schemaName="nhs_AntigenSourceAssociationFormScript" displayName="nhs_AntigenSourceAssociationFormScript" solution="Active" />
        <Dependent key="69" type="50" schemaName="nhs_antigensourceassociation:RibbonDiffXml" parentSchemaName="ribboncustomization" parentDisplayName="Application Ribbons" />
      </MissingDependency>
      <MissingDependency>
        <Required key="19" type="61" schemaName="nhs_RareBloodSourceFormScript" displayName="nhs_RareBloodSourceFormScript" solution="Active" />
        <Dependent key="70" type="50" schemaName="nhs_rarebloodsource:RibbonDiffXml" parentSchemaName="ribboncustomization" parentDisplayName="Application Ribbons" />
      </MissingDependency>
    </MissingDependencies>
  </SolutionManifest>
</ImportExportXml>