<ImportExportXml xmlns:xsi="http://www.w3.org/2001/XMLSchema-instance">
  <Entities></Entities>
  <Roles></Roles>
  <Workflows></Workflows>
  <FieldSecurityProfiles></FieldSecurityProfiles>
  <Templates />
  <EntityMaps />
  <EntityRelationships />
  <OrganizationSettings />
  <optionsets />
  <Dashboards>
    <Dashboard>
      <LocalizedNames>
        <LocalizedName description="Contributor Dashboard" languagecode="1033" />
      </LocalizedNames>
      <FormId>{2854ef23-4e68-ea11-a811-000d3a3a7f02}</FormId>
      <IsCustomizable>1</IsCustomizable>
      <IsDefault>0</IsDefault>
      <FormXml>
        <forms type="dashboard">
          <form>
            <tabs>
              <tab showlabel="false" verticallayout="true" id="{2813d563-fa43-4fc8-bd3d-e6469f71726e}">
                <labels>
                  <label description="Tab" languagecode="1033" />
                </labels>
                <columns>
                  <column width="100%">
                    <sections>
                      <section showlabel="false" showbar="false" columns="111" id="{29c3777f-ded7-49f0-9dea-163b6b947b51}" name="{29c3777f-ded7-49f0-9dea-163b6b947b51}" locklevel="0" labelwidth="130">
                        <labels>
                          <label description="Section" languagecode="1033" />
                        </labels>
                        <rows>
                          <row>
                            <cell colspan="1" rowspan="18" showlabel="false" id="{fb0dd181-f305-4a25-b01c-8c61b4aa0b40}" auto="false">
                              <labels>
                                <label description="Rare Blood Sources" languagecode="1033" />
                              </labels>
                              <control id="Componented3d8a8" uniqueid="{d473ea9e-9528-6398-a420-54627c1ee7d9}" classid="{E7A81278-8635-4d9e-8D4D-59480B391C5B}" indicationOfSubgrid="true">
                                <parameters>
                                  <TargetEntityType>nhs_rarebloodsource</TargetEntityType>
                                  <ChartGridMode>Chart</ChartGridMode>
                                  <EnableQuickFind>false</EnableQuickFind>
                                  <EnableViewPicker>false</EnableViewPicker>
                                  <EnableJumpBar>false</EnableJumpBar>
                                  <RecordsPerPage>16</RecordsPerPage>
                                  <HeaderColorCode>#F3F3F3</HeaderColorCode>
                                  <ViewId>{7DEBB83F-BC12-EA11-A811-000D3A86B423}</ViewId>
                                  <IsUserView>false</IsUserView>
                                  <ViewIds>{7DEBB83F-BC12-EA11-A811-000D3A86B423}</ViewIds>
                                  <AutoExpand>Fixed</AutoExpand>
                                  <VisualizationId>{0D97AAD5-4F68-EA11-A811-000D3A3A7F02}</VisualizationId>
                                  <IsUserChart>false</IsUserChart>
                                  <EnableChartPicker>false</EnableChartPicker>
                                  <RelationshipName />
                                </parameters>
                              </control>
                            </cell>
                            <cell colspan="2" rowspan="6" showlabel="true" id="{f517374d-9cd2-48c5-9dcd-0717a972c2df}" auto="false">
                              <labels>
                                <label description="My Team's Donors/Units with Contradictory Antigen Associations" languagecode="1033" />
                              </labels>
                              <control id="Component09ba970" uniqueid="{83ca53cd-cd1e-3c3b-a553-d571a9b36a4b}" classid="{E7A81278-8635-4d9e-8D4D-59480B391C5B}" indicationOfSubgrid="true">
                                <parameters>
                                  <TargetEntityType>nhs_rarebloodsource</TargetEntityType>
                                  <ChartGridMode>Grid</ChartGridMode>
                                  <EnableQuickFind>false</EnableQuickFind>
                                  <EnableViewPicker>false</EnableViewPicker>
                                  <EnableJumpBar>true</EnableJumpBar>
                                  <RecordsPerPage>2</RecordsPerPage>
                                  <HeaderColorCode>#F3F3F3</HeaderColorCode>
                                  <ViewId>{D3A8F555-4E68-EA11-A811-000D3A3A7F02}</ViewId>
                                  <IsUserView>false</IsUserView>
                                  <ViewIds>{7DEBB83F-BC12-EA11-A811-000D3A86B423}</ViewIds>
                                  <AutoExpand>Fixed</AutoExpand>
                                  <VisualizationId>{3BE73CA0-2E68-EA11-A811-000D3A3A7F02}</VisualizationId>
                                  <IsUserChart>false</IsUserChart>
                                  <EnableChartPicker>false</EnableChartPicker>
                                  <RelationshipName />
                                </parameters>
                              </control>
                            </cell>
                          </row>
                          <row />
                          <row />
                          <row />
                          <row />
                          <row />
                          <row>
                            <cell id="{70d41823-402d-b5e6-9a6d-8ead7798b478}" showlabel="true" colspan="2" auto="false" rowspan="6">
                              <labels>
                                <label description="My Team's Donors/Units Last Reviewed &gt; 6 Months Ago" languagecode="1033" />
                              </labels>
                              <control id="Component7395643" classid="{E7A81278-8635-4d9e-8D4D-59480B391C5B}" indicationOfSubgrid="true" uniqueid="{e4b5d9be-dd1e-a90e-c1e1-bb234a75177b}">
                                <parameters>
                                  <ViewId>{680873F6-798F-EA11-A811-000D3A3A7F02}</ViewId>
                                  <IsUserView>false</IsUserView>
                                  <RelationshipName />
                                  <TargetEntityType>nhs_rarebloodsource</TargetEntityType>
                                  <AutoExpand>Fixed</AutoExpand>
                                  <EnableQuickFind>false</EnableQuickFind>
                                  <EnableViewPicker>false</EnableViewPicker>
                                  <ViewIds>{7DEBB83F-BC12-EA11-A811-000D3A86B423}</ViewIds>
                                  <EnableJumpBar>true</EnableJumpBar>
                                  <ChartGridMode>Grid</ChartGridMode>
                                  <VisualizationId>{3BE73CA0-2E68-EA11-A811-000D3A3A7F02}</VisualizationId>
                                  <IsUserChart>false</IsUserChart>
                                  <EnableChartPicker>false</EnableChartPicker>
                                  <RecordsPerPage>2</RecordsPerPage>
                                  <HeaderColorCode>#FEF7F5</HeaderColorCode>
                                </parameters>
                              </control>
                            </cell>
                          </row>
                          <row />
                          <row />
                          <row />
                          <row />
                          <row />
                          <row>
                            <cell colspan="2" rowspan="6" showlabel="true" id="{4098a77c-1913-45e2-b495-f01e66342713}" auto="false">
                              <labels>
                                <label description="My Team's File Upload Errors" languagecode="1033" />
                              </labels>
                              <control id="Component8508827" uniqueid="{ea178830-171c-7d61-c0d4-04870ce0a743}" classid="{E7A81278-8635-4d9e-8D4D-59480B391C5B}" indicationOfSubgrid="true">
                                <parameters>
                                  <TargetEntityType>task</TargetEntityType>
                                  <ChartGridMode>Grid</ChartGridMode>
                                  <EnableQuickFind>false</EnableQuickFind>
                                  <EnableViewPicker>false</EnableViewPicker>
                                  <EnableJumpBar>true</EnableJumpBar>
                                  <RecordsPerPage>2</RecordsPerPage>
                                  <HeaderColorCode>#F3F3F3</HeaderColorCode>
                                  <ViewId>{6612B6CB-4E68-EA11-A811-000D3A3A7F02}</ViewId>
                                  <IsUserView>false</IsUserView>
                                  <ViewIds>{6CF285AA-EB20-4277-925A-3E9735411FF0}</ViewIds>
                                  <AutoExpand>Fixed</AutoExpand>
                                  <VisualizationId>{9E6A8B06-6D14-46E6-BBF5-95C388C6EB7A}</VisualizationId>
                                  <IsUserChart>false</IsUserChart>
                                  <EnableChartPicker>false</EnableChartPicker>
                                  <RelationshipName />
                                </parameters>
                              </control>
                            </cell>
                          </row>
                          <row />
                          <row />
                          <row />
                          <row />
                          <row />
                        </rows>
                      </section>
                    </sections>
                  </column>
                </columns>
              </tab>
            </tabs>
            <controlDescriptions />
          </form>
        </forms>
      </FormXml>
      <IntroducedVersion>0.0.0121.0</IntroducedVersion>
      <IsTabletEnabled>0</IsTabletEnabled>
    </Dashboard>
    <Dashboard>
      <LocalizedNames>
        <LocalizedName description="IRDP Admin Dashboard" languagecode="1033" />
      </LocalizedNames>
      <FormId>{3fd1ef9c-9e6a-ea11-a811-000d3a3a76f4}</FormId>
      <IsCustomizable>1</IsCustomizable>
      <IsDefault>0</IsDefault>
      <FormXml>
        <forms type="dashboard">
          <form>
            <tabs>
              <tab showlabel="false" verticallayout="true" id="{763db3ae-16b3-41cf-ad2f-361e7c7566c2}">
                <labels>
                  <label description="Tab" languagecode="1033" />
                </labels>
                <columns>
                  <column width="100%">
                    <sections>
                      <section showlabel="false" showbar="false" columns="111" id="{5c84bafb-2a81-4aff-bf55-0273e1be671d}">
                        <labels>
                          <label description="Section" languagecode="1033" />
                        </labels>
                        <rows>
                          <row>
                            <cell colspan="1" rowspan="12" showlabel="false" id="{98cee7bc-5545-4fae-a532-388ead4207dd}" auto="false">
                              <labels>
                                <label description="Rare Blood Source" languagecode="1033" />
                              </labels>
                              <control id="Componentc0eba74" uniqueid="{c638a786-0743-9a36-8150-6e174e1acb35}" classid="{E7A81278-8635-4d9e-8D4D-59480B391C5B}" indicationOfSubgrid="true">
                                <parameters>
                                  <TargetEntityType>nhs_rarebloodsource</TargetEntityType>
                                  <ChartGridMode>Chart</ChartGridMode>
                                  <EnableQuickFind>false</EnableQuickFind>
                                  <EnableViewPicker>false</EnableViewPicker>
                                  <EnableJumpBar>false</EnableJumpBar>
                                  <RecordsPerPage>12</RecordsPerPage>
                                  <HeaderColorCode>#FEF7F5</HeaderColorCode>
                                  <ViewId>{AD5FFCC4-9F6A-EA11-A811-000D3A3A76F4}</ViewId>
                                  <IsUserView>false</IsUserView>
                                  <ViewIds>{AD5FFCC4-9F6A-EA11-A811-000D3A3A76F4},{7DEBB83F-BC12-EA11-A811-000D3A86B423}</ViewIds>
                                  <AutoExpand>Fixed</AutoExpand>
                                  <VisualizationId>{6A971FAC-9D6A-EA11-A811-000D3A3A76F4}</VisualizationId>
                                  <IsUserChart>false</IsUserChart>
                                  <EnableChartPicker>false</EnableChartPicker>
                                  <RelationshipName />
                                </parameters>
                              </control>
                            </cell>
                            <cell colspan="1" rowspan="12" showlabel="false" id="{5003d2fb-1a1f-47e5-bccc-5436fec0412f}" auto="false">
                              <labels>
                                <label description="Task" languagecode="1033" />
                              </labels>
                              <control id="Component23188fe" uniqueid="{d96666d8-9918-4b77-831a-341622360b84}" classid="{E7A81278-8635-4d9e-8D4D-59480B391C5B}" indicationOfSubgrid="true">
                                <parameters>
                                  <TargetEntityType>task</TargetEntityType>
                                  <ChartGridMode>Chart</ChartGridMode>
                                  <EnableQuickFind>false</EnableQuickFind>
                                  <EnableViewPicker>false</EnableViewPicker>
                                  <EnableJumpBar>false</EnableJumpBar>
                                  <RecordsPerPage>10</RecordsPerPage>
                                  <HeaderColorCode />
                                  <ViewId>{0C8CB26D-9A6A-EA11-A811-000D3A3A76F4}</ViewId>
                                  <IsUserView>false</IsUserView>
                                  <ViewIds />
                                  <AutoExpand>Fixed</AutoExpand>
                                  <VisualizationId>{3DE5114B-9D6A-EA11-A811-000D3A3A76F4}</VisualizationId>
                                  <IsUserChart>false</IsUserChart>
                                  <EnableChartPicker>false</EnableChartPicker>
                                  <RelationshipName />
                                </parameters>
                              </control>
                            </cell>
                            <cell colspan="1" rowspan="12" showlabel="false" id="{e72e96b7-f3eb-477e-bddc-216700841ce2}" auto="false">
                              <labels>
                                <label description="Rare Blood Source" languagecode="1033" />
                              </labels>
                              <control id="Component7a73c8a" uniqueid="{9b50e40b-3374-36c2-5361-2830daddd70a}" classid="{E7A81278-8635-4d9e-8D4D-59480B391C5B}" indicationOfSubgrid="true">
                                <parameters>
                                  <TargetEntityType>nhs_rarebloodsource</TargetEntityType>
                                  <ChartGridMode>Chart</ChartGridMode>
                                  <EnableQuickFind>false</EnableQuickFind>
                                  <EnableViewPicker>false</EnableViewPicker>
                                  <EnableJumpBar>false</EnableJumpBar>
                                  <RecordsPerPage>12</RecordsPerPage>
                                  <HeaderColorCode>#FEF7F5</HeaderColorCode>
                                  <ViewId>{03375819-996A-EA11-A811-000D3A3A76F4}</ViewId>
                                  <IsUserView>false</IsUserView>
                                  <ViewIds>{03375819-996A-EA11-A811-000D3A3A76F4},{7DEBB83F-BC12-EA11-A811-000D3A86B423}</ViewIds>
                                  <AutoExpand>Fixed</AutoExpand>
                                  <VisualizationId>{24C7BC2A-9E6A-EA11-A811-000D3A3A76F4}</VisualizationId>
                                  <IsUserChart>false</IsUserChart>
                                  <EnableChartPicker>false</EnableChartPicker>
                                  <RelationshipName />
                                </parameters>
                              </control>
                            </cell>
                          </row>
                          <row />
                          <row />
                          <row />
                          <row />
                          <row />
                          <row />
                          <row />
                          <row />
                          <row />
                          <row />
                          <row />
                          <row>
                            <cell colspan="1" rowspan="12" showlabel="true" id="{d5564164-6903-4d99-b119-7d859c166205}" auto="false">
                              <labels>
                                <label description="Donors/Units Last Updated &gt; 6 Months Ago" languagecode="1033" />
                              </labels>
                              <control id="Componentebb5662" uniqueid="{7b412222-7449-08b1-4c4e-dc1694b1148e}" classid="{E7A81278-8635-4d9e-8D4D-59480B391C5B}" indicationOfSubgrid="true">
                                <parameters>
                                  <TargetEntityType>nhs_rarebloodsource</TargetEntityType>
                                  <ChartGridMode>Grid</ChartGridMode>
                                  <EnableQuickFind>true</EnableQuickFind>
                                  <EnableViewPicker>false</EnableViewPicker>
                                  <EnableJumpBar>true</EnableJumpBar>
                                  <RecordsPerPage>8</RecordsPerPage>
                                  <HeaderColorCode>#FEF7F5</HeaderColorCode>
                                  <ViewId>{AD5FFCC4-9F6A-EA11-A811-000D3A3A76F4}</ViewId>
                                  <IsUserView>false</IsUserView>
                                  <ViewIds>{AD5FFCC4-9F6A-EA11-A811-000D3A3A76F4},{7DEBB83F-BC12-EA11-A811-000D3A86B423}</ViewIds>
                                  <AutoExpand>Fixed</AutoExpand>
                                  <VisualizationId>{3BE73CA0-2E68-EA11-A811-000D3A3A7F02}</VisualizationId>
                                  <IsUserChart>false</IsUserChart>
                                  <EnableChartPicker>false</EnableChartPicker>
                                  <RelationshipName />
                                </parameters>
                              </control>
                            </cell>
                            <cell colspan="1" rowspan="12" showlabel="true" id="{35cbe088-dc21-4904-bf44-8fc1e1bd768a}" auto="false">
                              <labels>
                                <label description="Outstanding File Rejection Tasks" languagecode="1033" />
                              </labels>
                              <control id="Componentb4d0d12" uniqueid="{54b20dc4-7c60-2864-6437-a801b5bacab3}" classid="{E7A81278-8635-4d9e-8D4D-59480B391C5B}" indicationOfSubgrid="true">
                                <parameters>
                                  <TargetEntityType>task</TargetEntityType>
                                  <ChartGridMode>Grid</ChartGridMode>
                                  <EnableQuickFind>true</EnableQuickFind>
                                  <EnableViewPicker>false</EnableViewPicker>
                                  <EnableJumpBar>true</EnableJumpBar>
                                  <RecordsPerPage>8</RecordsPerPage>
                                  <HeaderColorCode>#FEF7F5</HeaderColorCode>
                                  <ViewId>{0C8CB26D-9A6A-EA11-A811-000D3A3A76F4}</ViewId>
                                  <IsUserView>false</IsUserView>
                                  <ViewIds>{6CF285AA-EB20-4277-925A-3E9735411FF0}</ViewIds>
                                  <AutoExpand>Fixed</AutoExpand>
                                  <VisualizationId>{9E6A8B06-6D14-46E6-BBF5-95C388C6EB7A}</VisualizationId>
                                  <IsUserChart>false</IsUserChart>
                                  <EnableChartPicker>false</EnableChartPicker>
                                  <RelationshipName />
                                </parameters>
                              </control>
                            </cell>
                            <cell colspan="1" rowspan="12" showlabel="true" id="{da35a510-ff07-40bb-ad58-47ff1b68320a}" auto="false">
                              <labels>
                                <label description="Donors/Units with Contradictory Antigens" languagecode="1033" />
                              </labels>
                              <control id="Component7709718" uniqueid="{21427e81-b41b-8056-9e20-0b5e1b1760de}" classid="{E7A81278-8635-4d9e-8D4D-59480B391C5B}" indicationOfSubgrid="true">
                                <parameters>
                                  <TargetEntityType>nhs_rarebloodsource</TargetEntityType>
                                  <ChartGridMode>Grid</ChartGridMode>
                                  <EnableQuickFind>true</EnableQuickFind>
                                  <EnableViewPicker>false</EnableViewPicker>
                                  <EnableJumpBar>true</EnableJumpBar>
                                  <RecordsPerPage>8</RecordsPerPage>
                                  <HeaderColorCode>#FEF7F5</HeaderColorCode>
                                  <ViewId>{03375819-996A-EA11-A811-000D3A3A76F4}</ViewId>
                                  <IsUserView>false</IsUserView>
                                  <ViewIds />
                                  <AutoExpand>Fixed</AutoExpand>
                                  <VisualizationId>{3BE73CA0-2E68-EA11-A811-000D3A3A7F02}</VisualizationId>
                                  <IsUserChart>false</IsUserChart>
                                  <EnableChartPicker>false</EnableChartPicker>
                                  <RelationshipName />
                                </parameters>
                              </control>
                            </cell>
                          </row>
                          <row />
                          <row />
                          <row />
                          <row />
                          <row />
                          <row />
                          <row />
                          <row />
                          <row />
                          <row />
                          <row />
                        </rows>
                      </section>
                    </sections>
                  </column>
                </columns>
              </tab>
            </tabs>
            <controlDescriptions />
            <DisplayConditions>
              <Role Id="{B227D587-BC12-EA11-A811-000D3A86B423}" />
              <Role Id="{627090ff-40a3-4053-8790-584edc5be201}" />
            </DisplayConditions>
          </form>
        </forms>
      </FormXml>
      <IntroducedVersion>0.0.0127.0</IntroducedVersion>
      <IsTabletEnabled>0</IsTabletEnabled>
    </Dashboard>
  </Dashboards>
  <WebResources>
    <WebResource>
      <WebResourceId>{ad9fd7bd-7c72-ea11-a811-000d3a3a76f4}</WebResourceId>
      <Name>nhs_EarthWhite</Name>
      <DisplayName>SVG - Earth (White)</DisplayName>
      <LanguageCode>1033</LanguageCode>
      <WebResourceType>11</WebResourceType>
      <IntroducedVersion>0.0.0139.0</IntroducedVersion>
      <IsEnabledForMobileClient>0</IsEnabledForMobileClient>
      <IsAvailableForMobileOffline>0</IsAvailableForMobileOffline>
      <DependencyXml>&lt;Dependencies&gt;&lt;Dependency componentType="WebResource"/&gt;&lt;/Dependencies&gt;</DependencyXml>
      <IsCustomizable>1</IsCustomizable>
      <CanBeDeleted>1</CanBeDeleted>
      <IsHidden>0</IsHidden>
      <FileName>/WebResources/nhs_EarthWhiteAD9FD7BD-7C72-EA11-A811-000D3A3A76F4</FileName>
    </WebResource>
  </WebResources>
  <CustomControls />
  <AppModules>
    <AppModule>
      <UniqueName>CustomerServiceTeamMember</UniqueName>
      <IntroducedVersion>9.1.0.0</IntroducedVersion>
      <WebResourceId>ad9fd7bd-7c72-ea11-a811-000d3a3a76f4</WebResourceId>
      <OptimizedFor></OptimizedFor>
      <statecode>0</statecode>
      <statuscode>1</statuscode>
      <FormFactor>1</FormFactor>
      <ClientType>4</ClientType>
      <NavigationType>0</NavigationType>
      <AppModuleComponents>
        <AppModuleComponent type="62" schemaName="CustomerServiceTeamMember" />
        <AppModuleComponent type="60" id="{2854ef23-4e68-ea11-a811-000d3a3a7f02}" />
        <AppModuleComponent type="60" id="{3fd1ef9c-9e6a-ea11-a811-000d3a3a76f4}" />
        <AppModuleComponent type="1" schemaName="account" />
        <AppModuleComponent type="60" id="{faa94f83-5816-446c-b8a7-d35f65805e03}" />
        <AppModuleComponent type="26" id="{00000000-0000-0000-00aa-000010001002}" />
        <AppModuleComponent type="26" id="{65ffaf9a-e8c5-432d-860b-32f841b00d87}" />
        <AppModuleComponent type="26" id="{00000000-0000-0000-00aa-000010001031}" />
        <AppModuleComponent type="26" id="{1188c3b9-b812-ea11-a811-000d3a86b423}" />
        <AppModuleComponent type="1" schemaName="nhs_antigen" />
        <AppModuleComponent type="1" schemaName="nhs_antigenrarityassociation" />
        <AppModuleComponent type="1" schemaName="nhs_antigensourceassociation" />
        <AppModuleComponent type="1" schemaName="nhs_bloodgroupsystem" />
        <AppModuleComponent type="1" schemaName="nhs_configentity" />
        <AppModuleComponent type="1" schemaName="contact" />
        <AppModuleComponent type="60" id="{29de27bc-a257-4f29-99cf-bab4a84e688f}" />
        <AppModuleComponent type="60" id="{91f337ad-a1b0-4b47-a5a7-c77e6fa4e988}" />
        <AppModuleComponent type="26" id="{d18b78b6-b912-ea11-a811-000d3a86b423}" />
        <AppModuleComponent type="26" id="{afdb2b7a-f43d-ea11-a812-000d3a3a7f02}" />
        <AppModuleComponent type="1" schemaName="nhs_country" />
        <AppModuleComponent type="1" schemaName="nhs_rarebloodsource" />
        <AppModuleComponent type="26" id="{cb553cdf-6dc5-48e9-ae1f-fd6453d3e034}" />
        <AppModuleComponent type="26" id="{817a5fc7-e0ac-4fad-aa4a-172dd809796b}" />
        <AppModuleComponent type="26" id="{7debb83f-bc12-ea11-a811-000d3a86b423}" />
        <AppModuleComponent type="26" id="{680873f6-798f-ea11-a811-000d3a3a7f02}" />
        <AppModuleComponent type="26" id="{d3a8f555-4e68-ea11-a811-000d3a3a7f02}" />
        <AppModuleComponent type="26" id="{9beeb949-2a68-ea11-a811-000d3a3a7f02}" />
        <AppModuleComponent type="26" id="{71e14ba5-9f49-ea11-a812-000d3a3a76f4}" />
        <AppModuleComponent type="59" id="{3be73ca0-2e68-ea11-a811-000d3a3a7f02}" />
        <AppModuleComponent type="59" id="{0d97aad5-4f68-ea11-a811-000d3a3a7f02}" />
        <AppModuleComponent type="59" id="{6a971fac-9d6a-ea11-a811-000d3a3a76f4}" />
        <AppModuleComponent type="59" id="{24c7bc2a-9e6a-ea11-a811-000d3a3a76f4}" />
        <AppModuleComponent type="1" schemaName="nhs_rarity" />
        <AppModuleComponent type="1" schemaName="nhs_raritysourceassociation" />
        <AppModuleComponent type="1" schemaName="nhs_searchexecution" />
        <AppModuleComponent type="60" id="{55e7431f-c554-450b-bc71-d6fb257078ed}" />
        <AppModuleComponent type="26" id="{526cbd44-2e72-407c-b207-58b958fdc193}" />
        <AppModuleComponent type="26" id="{147a7184-2f68-ea11-a811-000d3a3a7f02}" />
        <AppModuleComponent type="1" schemaName="task" />
        <AppModuleComponent type="26" id="{0c8cb26d-9a6a-ea11-a811-000d3a3a76f4}" />
        <AppModuleComponent type="26" id="{2b5f5a5d-2d23-4fe7-aa58-e77995368ae7}" />
        <AppModuleComponent type="26" id="{6cf285aa-eb20-4277-925a-3e9735411ff0}" />
        <AppModuleComponent type="26" id="{6612b6cb-4e68-ea11-a811-000d3a3a7f02}" />
        <AppModuleComponent type="26" id="{4340434c-44c5-4527-a915-d03af5d261cd}" />
        <AppModuleComponent type="26" id="{bd9e5b3b-94ae-4c4a-9e79-2e7aefee4f5e}" />
        <AppModuleComponent type="26" id="{20dafc19-ab36-4ab3-bce8-1f431d08748f}" />
        <AppModuleComponent type="59" id="{3de5114b-9d6a-ea11-a811-000d3a3a76f4}" />
        <AppModuleComponent type="59" id="{9e6a8b06-6d14-46e6-bbf5-95c388c6eb7a}" />
        <AppModuleComponent type="1" schemaName="team" />
        <AppModuleComponent type="26" id="{57e39843-404c-48e5-b1d9-1889098fb65c}" />
        <AppModuleComponent type="1" schemaName="systemuser" />
        <AppModuleComponent type="26" id="{00000000-0000-0000-00aa-000010001119}" />
        <AppModuleComponent type="26" id="{5953249b-2a59-43bf-a94f-6b8cc1f2d245}" />
        <AppModuleComponent type="26" id="{00000000-0000-0000-00aa-000010001019}" />
        <AppModuleComponent type="26" id="{aeb14365-3868-ea11-a811-000d3a3a7f02}" />
        <AppModuleComponent type="26" id="{d9089eb6-ee9f-4747-8de4-cd664f182c7d}" />
      </AppModuleComponents>
      <AppModuleRoleMaps>
        <Role id="{b6d9a5de-b412-ea11-a811-000d3a86b423}" />
        <Role id="{350d0832-8e1b-ea11-a81d-000d3a6d6cdc}" />
        <Role id="{119f245c-3cc8-4b62-b31c-d1a046ced15d}" />
        <Role id="{627090ff-40a3-4053-8790-584edc5be201}" />
        <Role id="{d986fdc5-ae12-ea11-a811-000d3a86b423}" />
        <Role id="{b227d587-bc12-ea11-a811-000d3a86b423}" />
      </AppModuleRoleMaps>
      <AppConfig>
        <IntroducedVersion>9.1.0.0</IntroducedVersion>
        <AppModuleUniqueName>CustomerServiceTeamMember</AppModuleUniqueName>
        <StatusCode>1</StatusCode>
        <StateCode>0</StateCode>
        <AppConfigInstances>
          <AppConfigInstance type="0">
            <AppConfigMasterId>{a3733331-6837-453b-9083-de5842968069}</AppConfigMasterId>
            <Value>15</Value>
          </AppConfigInstance>
        </AppConfigInstances>
        <NavigationSettings />
      </AppConfig>
      <LocalizedNames>
        <LocalizedName description="IRDP Customer Service Team Member" languagecode="1033" />
      </LocalizedNames>
      <Descriptions>
        <Description description="Enable employees to self-serve by searching for knowledge articles and creating cases​." languagecode="1033" />
      </Descriptions>
    </AppModule>
  </AppModules>
  <EntityDataProviders />
  <Languages>
    <Language>1033</Language>
  </Languages>
</ImportExportXml>