<ImportExportXml version="9.1.0.24345" SolutionPackageVersion="9.1" languagecode="1033" generatedBy="CrmLive" xmlns:xsi="http://www.w3.org/2001/XMLSchema-instance">
  <SolutionManifest>
    <UniqueName>IRDP_CsTeamMemberApp_Customised</UniqueName>
    <LocalizedNames>
      <LocalizedName description="IRDP_CsTeamMemberApp_Customised" languagecode="1033" />
    </LocalizedNames>
    <Descriptions />
    <Version>0.5</Version>
    <Managed>0</Managed>
    <Publisher>
      <UniqueName>NhsBloodAndTransplant</UniqueName>
      <LocalizedNames>
        <LocalizedName description="NHS Blood and Transplant" languagecode="1033" />
      </LocalizedNames>
      <Descriptions />
      <EMailAddress xsi:nil="true"></EMailAddress>
      <SupportingWebsiteUrl xsi:nil="true"></SupportingWebsiteUrl>
      <CustomizationPrefix>nhs</CustomizationPrefix>
      <CustomizationOptionValuePrefix>12713</CustomizationOptionValuePrefix>
      <Addresses>
        <Address>
          <AddressNumber>1</AddressNumber>
          <AddressTypeCode>1</AddressTypeCode>
          <City xsi:nil="true"></City>
          <County xsi:nil="true"></County>
          <Country xsi:nil="true"></Country>
          <Fax xsi:nil="true"></Fax>
          <FreightTermsCode xsi:nil="true"></FreightTermsCode>
          <ImportSequenceNumber xsi:nil="true"></ImportSequenceNumber>
          <Latitude xsi:nil="true"></Latitude>
          <Line1 xsi:nil="true"></Line1>
          <Line2 xsi:nil="true"></Line2>
          <Line3 xsi:nil="true"></Line3>
          <Longitude xsi:nil="true"></Longitude>
          <Name xsi:nil="true"></Name>
          <PostalCode xsi:nil="true"></PostalCode>
          <PostOfficeBox xsi:nil="true"></PostOfficeBox>
          <PrimaryContactName xsi:nil="true"></PrimaryContactName>
          <ShippingMethodCode>1</ShippingMethodCode>
          <StateOrProvince xsi:nil="true"></StateOrProvince>
          <Telephone1 xsi:nil="true"></Telephone1>
          <Telephone2 xsi:nil="true"></Telephone2>
          <Telephone3 xsi:nil="true"></Telephone3>
          <TimeZoneRuleVersionNumber xsi:nil="true"></TimeZoneRuleVersionNumber>
          <UPSZone xsi:nil="true"></UPSZone>
          <UTCOffset xsi:nil="true"></UTCOffset>
          <UTCConversionTimeZoneCode xsi:nil="true"></UTCConversionTimeZoneCode>
        </Address>
        <Address>
          <AddressNumber>2</AddressNumber>
          <AddressTypeCode>1</AddressTypeCode>
          <City xsi:nil="true"></City>
          <County xsi:nil="true"></County>
          <Country xsi:nil="true"></Country>
          <Fax xsi:nil="true"></Fax>
          <FreightTermsCode xsi:nil="true"></FreightTermsCode>
          <ImportSequenceNumber xsi:nil="true"></ImportSequenceNumber>
          <Latitude xsi:nil="true"></Latitude>
          <Line1 xsi:nil="true"></Line1>
          <Line2 xsi:nil="true"></Line2>
          <Line3 xsi:nil="true"></Line3>
          <Longitude xsi:nil="true"></Longitude>
          <Name xsi:nil="true"></Name>
          <PostalCode xsi:nil="true"></PostalCode>
          <PostOfficeBox xsi:nil="true"></PostOfficeBox>
          <PrimaryContactName xsi:nil="true"></PrimaryContactName>
          <ShippingMethodCode>1</ShippingMethodCode>
          <StateOrProvince xsi:nil="true"></StateOrProvince>
          <Telephone1 xsi:nil="true"></Telephone1>
          <Telephone2 xsi:nil="true"></Telephone2>
          <Telephone3 xsi:nil="true"></Telephone3>
          <TimeZoneRuleVersionNumber xsi:nil="true"></TimeZoneRuleVersionNumber>
          <UPSZone xsi:nil="true"></UPSZone>
          <UTCOffset xsi:nil="true"></UTCOffset>
          <UTCConversionTimeZoneCode xsi:nil="true"></UTCConversionTimeZoneCode>
        </Address>
      </Addresses>
    </Publisher>
    <RootComponents>
      <RootComponent type="60" id="{2854ef23-4e68-ea11-a811-000d3a3a7f02}" behavior="0" />
      <RootComponent type="60" id="{3fd1ef9c-9e6a-ea11-a811-000d3a3a76f4}" behavior="0" />
      <RootComponent type="61" schemaName="nhs_EarthWhite" behavior="0" />
      <RootComponent type="80" schemaName="CustomerServiceTeamMember" behavior="0" />
    </RootComponents>
    <MissingDependencies>
      <MissingDependency>
        <Required key="0" type="1" schemaName="nhs_rarebloodsource" displayName="Rare Blood Source" solution="Active" />
        <Dependent key="1" type="60" displayName="IRDP Admin Dashboard" id="{3fd1ef9c-9e6a-ea11-a811-000d3a3a76f4}" />
      </MissingDependency>
      <MissingDependency>
        <Required key="2" type="20" displayName="IRDP Admin" solution="Active" id="{b227d587-bc12-ea11-a811-000d3a86b423}" />
        <Dependent key="1" type="60" displayName="IRDP Admin Dashboard" id="{3fd1ef9c-9e6a-ea11-a811-000d3a3a76f4}" />
      </MissingDependency>
      <MissingDependency>
        <Required key="3" type="26" schemaName="My Team's Active Donors/Units" displayName="My Team's Active Donors/Units" parentSchemaName="nhs_rarebloodsource" parentDisplayName="Rare Blood Source" solution="Active" id="{7debb83f-bc12-ea11-a811-000d3a86b423}" />
        <Dependent key="1" type="60" displayName="IRDP Admin Dashboard" id="{3fd1ef9c-9e6a-ea11-a811-000d3a3a76f4}" />
      </MissingDependency>
      <MissingDependency>
        <Required key="4" type="26" schemaName="All Outstanding Tasks" displayName="All Outstanding Tasks" parentSchemaName="task" parentDisplayName="Task" solution="Active" id="{0c8cb26d-9a6a-ea11-a811-000d3a3a76f4}" />
        <Dependent key="1" type="60" displayName="IRDP Admin Dashboard" id="{3fd1ef9c-9e6a-ea11-a811-000d3a3a76f4}" />
      </MissingDependency>
      <MissingDependency>
        <Required key="5" type="26" schemaName="All Contradictory Donors/Units" displayName="All Contradictory Donors/Units" parentSchemaName="nhs_rarebloodsource" parentDisplayName="Rare Blood Source" solution="Active" id="{03375819-996a-ea11-a811-000d3a3a76f4}" />
        <Dependent key="1" type="60" displayName="IRDP Admin Dashboard" id="{3fd1ef9c-9e6a-ea11-a811-000d3a3a76f4}" />
      </MissingDependency>
      <MissingDependency>
        <Required key="6" type="26" schemaName="All Active Donors/Units Last Reviewed &gt; 6 Months Ago" displayName="All Active Donors/Units Last Reviewed &gt; 6 Months Ago" parentSchemaName="nhs_rarebloodsource" parentDisplayName="Rare Blood Source" solution="Active" id="{ad5ffcc4-9f6a-ea11-a811-000d3a3a76f4}" />
        <Dependent key="1" type="60" displayName="IRDP Admin Dashboard" id="{3fd1ef9c-9e6a-ea11-a811-000d3a3a76f4}" />
      </MissingDependency>
      <MissingDependency>
        <Required key="7" type="59" schemaName="Sources by Team" displayName="Sources by Team" parentSchemaName="nhs_rarebloodsource" parentDisplayName="Rare Blood Source" solution="Active" id="{24c7bc2a-9e6a-ea11-a811-000d3a3a76f4}" />
        <Dependent key="1" type="60" displayName="IRDP Admin Dashboard" id="{3fd1ef9c-9e6a-ea11-a811-000d3a3a76f4}" />
      </MissingDependency>
      <MissingDependency>
        <Required key="8" type="59" schemaName="Sources by ABO Group" displayName="Sources by ABO Group" parentSchemaName="nhs_rarebloodsource" parentDisplayName="Rare Blood Source" solution="Active" id="{3be73ca0-2e68-ea11-a811-000d3a3a7f02}" />
        <Dependent key="1" type="60" displayName="IRDP Admin Dashboard" id="{3fd1ef9c-9e6a-ea11-a811-000d3a3a76f4}" />
      </MissingDependency>
      <MissingDependency>
        <Required key="9" type="59" schemaName="Sources by Last Review Date and Team" displayName="Sources by Last Review Date and Team" parentSchemaName="nhs_rarebloodsource" parentDisplayName="Rare Blood Source" solution="Active" id="{6a971fac-9d6a-ea11-a811-000d3a3a76f4}" />
        <Dependent key="1" type="60" displayName="IRDP Admin Dashboard" id="{3fd1ef9c-9e6a-ea11-a811-000d3a3a76f4}" />
      </MissingDependency>
      <MissingDependency>
        <Required key="10" type="59" schemaName="Outstanding Tasks by Team" displayName="Outstanding Tasks by Team" parentSchemaName="task" parentDisplayName="Task" solution="Active" id="{3de5114b-9d6a-ea11-a811-000d3a3a76f4}" />
        <Dependent key="1" type="60" displayName="IRDP Admin Dashboard" id="{3fd1ef9c-9e6a-ea11-a811-000d3a3a76f4}" />
      </MissingDependency>
      <MissingDependency>
        <Required key="11" type="59" schemaName="Tasks by Month Due" displayName="Tasks by Month Due" parentSchemaName="task" parentDisplayName="Task" solution="msdynce_AppCommon (9.0.4.0066)" id="{9e6a8b06-6d14-46e6-bbf5-95c388c6eb7a}" />
        <Dependent key="1" type="60" displayName="IRDP Admin Dashboard" id="{3fd1ef9c-9e6a-ea11-a811-000d3a3a76f4}" />
      </MissingDependency>
      <MissingDependency>
        <Required key="0" type="1" schemaName="nhs_rarebloodsource" displayName="Rare Blood Source" solution="Active" />
        <Dependent key="12" type="60" displayName="Contributor Dashboard" id="{2854ef23-4e68-ea11-a811-000d3a3a7f02}" />
      </MissingDependency>
      <MissingDependency>
        <Required key="13" type="26" schemaName="My Team's Contradictory Donors/Units" displayName="My Team's Contradictory Donors/Units" parentSchemaName="nhs_rarebloodsource" parentDisplayName="Rare Blood Source" solution="Active" id="{d3a8f555-4e68-ea11-a811-000d3a3a7f02}" />
        <Dependent key="12" type="60" displayName="Contributor Dashboard" id="{2854ef23-4e68-ea11-a811-000d3a3a7f02}" />
      </MissingDependency>
      <MissingDependency>
        <Required key="14" type="26" schemaName="My Team's Active Donors/Units Last Reviewed &gt; 6 Months Ago" displayName="My Team's Active Donors/Units Last Reviewed &gt; 6 Months Ago" parentSchemaName="nhs_rarebloodsource" parentDisplayName="Rare Blood Source" solution="Active" id="{680873f6-798f-ea11-a811-000d3a3a7f02}" />
        <Dependent key="12" type="60" displayName="Contributor Dashboard" id="{2854ef23-4e68-ea11-a811-000d3a3a7f02}" />
      </MissingDependency>
      <MissingDependency>
        <Required key="3" type="26" schemaName="My Team's Active Donors/Units" displayName="My Team's Active Donors/Units" parentSchemaName="nhs_rarebloodsource" parentDisplayName="Rare Blood Source" solution="Active" id="{7debb83f-bc12-ea11-a811-000d3a86b423}" />
        <Dependent key="12" type="60" displayName="Contributor Dashboard" id="{2854ef23-4e68-ea11-a811-000d3a3a7f02}" />
      </MissingDependency>
      <MissingDependency>
        <Required key="15" type="26" schemaName="My Team's Outstanding Tasks" displayName="My Team's Outstanding Tasks" parentSchemaName="task" parentDisplayName="Task" solution="Active" id="{6612b6cb-4e68-ea11-a811-000d3a3a7f02}" />
        <Dependent key="12" type="60" displayName="Contributor Dashboard" id="{2854ef23-4e68-ea11-a811-000d3a3a7f02}" />
      </MissingDependency>
      <MissingDependency>
        <Required key="8" type="59" schemaName="Sources by ABO Group" displayName="Sources by ABO Group" parentSchemaName="nhs_rarebloodsource" parentDisplayName="Rare Blood Source" solution="Active" id="{3be73ca0-2e68-ea11-a811-000d3a3a7f02}" />
        <Dependent key="12" type="60" displayName="Contributor Dashboard" id="{2854ef23-4e68-ea11-a811-000d3a3a7f02}" />
      </MissingDependency>
      <MissingDependency>
        <Required key="16" type="59" schemaName="Sources by Last Review Date" displayName="Sources by Last Review Date" parentSchemaName="nhs_rarebloodsource" parentDisplayName="Rare Blood Source" solution="Active" id="{0d97aad5-4f68-ea11-a811-000d3a3a7f02}" />
        <Dependent key="12" type="60" displayName="Contributor Dashboard" id="{2854ef23-4e68-ea11-a811-000d3a3a7f02}" />
      </MissingDependency>
      <MissingDependency>
        <Required key="11" type="59" schemaName="Tasks by Month Due" displayName="Tasks by Month Due" parentSchemaName="task" parentDisplayName="Task" solution="msdynce_AppCommon (9.0.4.0066)" id="{9e6a8b06-6d14-46e6-bbf5-95c388c6eb7a}" />
        <Dependent key="12" type="60" displayName="Contributor Dashboard" id="{2854ef23-4e68-ea11-a811-000d3a3a7f02}" />
      </MissingDependency>
      <MissingDependency>
        <Required key="17" type="1" schemaName="nhs_rarity" displayName="Rarity" solution="Active" />
        <Dependent key="18" type="80" schemaName="CustomerServiceTeamMember" displayName="IRDP Customer Service Team Member" />
      </MissingDependency>
      <MissingDependency>
        <Required key="19" type="1" schemaName="nhs_raritysourceassociation" displayName="Rarity-Source Association" solution="Active" />
        <Dependent key="18" type="80" schemaName="CustomerServiceTeamMember" displayName="IRDP Customer Service Team Member" />
      </MissingDependency>
      <MissingDependency>
        <Required key="20" type="1" schemaName="nhs_antigen" displayName="Antigen" solution="Active" />
        <Dependent key="18" type="80" schemaName="CustomerServiceTeamMember" displayName="IRDP Customer Service Team Member" />
      </MissingDependency>
      <MissingDependency>
        <Required key="21" type="1" schemaName="nhs_searchexecution" displayName="Search Execution Record" solution="Active" />
        <Dependent key="18" type="80" schemaName="CustomerServiceTeamMember" displayName="IRDP Customer Service Team Member" />
      </MissingDependency>
      <MissingDependency>
        <Required key="0" type="1" schemaName="nhs_rarebloodsource" displayName="Rare Blood Source" solution="Active" />
        <Dependent key="18" type="80" schemaName="CustomerServiceTeamMember" displayName="IRDP Customer Service Team Member" />
      </MissingDependency>
      <MissingDependency>
        <Required key="22" type="1" schemaName="nhs_configentity" displayName="Config Entity" solution="Active" />
        <Dependent key="18" type="80" schemaName="CustomerServiceTeamMember" displayName="IRDP Customer Service Team Member" />
      </MissingDependency>
      <MissingDependency>
        <Required key="23" type="1" schemaName="nhs_country" displayName="Country" solution="Active" />
        <Dependent key="18" type="80" schemaName="CustomerServiceTeamMember" displayName="IRDP Customer Service Team Member" />
      </MissingDependency>
      <MissingDependency>
        <Required key="24" type="1" schemaName="nhs_antigensourceassociation" displayName="Antigen-Source Association" solution="Active" />
        <Dependent key="18" type="80" schemaName="CustomerServiceTeamMember" displayName="IRDP Customer Service Team Member" />
      </MissingDependency>
      <MissingDependency>
        <Required key="25" type="1" schemaName="nhs_antigenrarityassociation" displayName="Antigen-Rarity Association" solution="Active" />
        <Dependent key="18" type="80" schemaName="CustomerServiceTeamMember" displayName="IRDP Customer Service Team Member" />
      </MissingDependency>
      <MissingDependency>
        <Required key="26" type="1" schemaName="nhs_bloodgroupsystem" displayName="Blood Group System" solution="Active" />
        <Dependent key="18" type="80" schemaName="CustomerServiceTeamMember" displayName="IRDP Customer Service Team Member" />
      </MissingDependency>
      <MissingDependency>
        <Required key="27" type="20" displayName="IRDP Consumer" solution="Active" id="{d986fdc5-ae12-ea11-a811-000d3a86b423}" />
        <Dependent key="18" type="80" schemaName="CustomerServiceTeamMember" displayName="IRDP Customer Service Team Member" />
      </MissingDependency>
      <MissingDependency>
        <Required key="28" type="20" displayName="IRDP Contributor" solution="Active" id="{b6d9a5de-b412-ea11-a811-000d3a86b423}" />
        <Dependent key="18" type="80" schemaName="CustomerServiceTeamMember" displayName="IRDP Customer Service Team Member" />
      </MissingDependency>
      <MissingDependency>
        <Required key="2" type="20" displayName="IRDP Admin" solution="Active" id="{b227d587-bc12-ea11-a811-000d3a86b423}" />
        <Dependent key="18" type="80" schemaName="CustomerServiceTeamMember" displayName="IRDP Customer Service Team Member" />
      </MissingDependency>
      <MissingDependency>
        <Required key="29" type="26" schemaName="All Search Execution Records" displayName="All Search Execution Records" parentSchemaName="nhs_searchexecution" parentDisplayName="Search Execution Record" solution="Active" id="{526cbd44-2e72-407c-b207-58b958fdc193}" />
        <Dependent key="18" type="80" schemaName="CustomerServiceTeamMember" displayName="IRDP Customer Service Team Member" />
      </MissingDependency>
      <MissingDependency>
        <Required key="4" type="26" schemaName="All Outstanding Tasks" displayName="All Outstanding Tasks" parentSchemaName="task" parentDisplayName="Task" solution="Active" id="{0c8cb26d-9a6a-ea11-a811-000d3a3a76f4}" />
        <Dependent key="18" type="80" schemaName="CustomerServiceTeamMember" displayName="IRDP Customer Service Team Member" />
      </MissingDependency>
      <MissingDependency>
        <Required key="30" type="26" schemaName="All Active Donors/Units" displayName="All Active Donors/Units" parentSchemaName="nhs_rarebloodsource" parentDisplayName="Rare Blood Source" solution="Active" id="{cb553cdf-6dc5-48e9-ae1f-fd6453d3e034}" />
        <Dependent key="18" type="80" schemaName="CustomerServiceTeamMember" displayName="IRDP Customer Service Team Member" />
      </MissingDependency>
      <MissingDependency>
        <Required key="15" type="26" schemaName="My Team's Outstanding Tasks" displayName="My Team's Outstanding Tasks" parentSchemaName="task" parentDisplayName="Task" solution="Active" id="{6612b6cb-4e68-ea11-a811-000d3a3a7f02}" />
        <Dependent key="18" type="80" schemaName="CustomerServiceTeamMember" displayName="IRDP Customer Service Team Member" />
      </MissingDependency>
      <MissingDependency>
        <Required key="31" type="26" schemaName="My Team's Donors/Units (All Statuses)" displayName="My Team's Donors/Units (All Statuses)" parentSchemaName="nhs_rarebloodsource" parentDisplayName="Rare Blood Source" solution="Active" id="{9beeb949-2a68-ea11-a811-000d3a3a7f02}" />
        <Dependent key="18" type="80" schemaName="CustomerServiceTeamMember" displayName="IRDP Customer Service Team Member" />
      </MissingDependency>
      <MissingDependency>
        <Required key="32" type="26" schemaName="Search Execution Records from Last 12 Months (excluding repeat searches)" displayName="Search Execution Records from Last 12 Months (excluding repeat searches)" parentSchemaName="nhs_searchexecution" parentDisplayName="Search Execution Record" solution="Active" id="{147a7184-2f68-ea11-a811-000d3a3a7f02}" />
        <Dependent key="18" type="80" schemaName="CustomerServiceTeamMember" displayName="IRDP Customer Service Team Member" />
      </MissingDependency>
      <MissingDependency>
        <Required key="33" type="26" schemaName="Licensed External Users" displayName="Licensed External Users" parentSchemaName="systemuser" parentDisplayName="User" solution="Active" id="{aeb14365-3868-ea11-a811-000d3a3a7f02}" />
        <Dependent key="18" type="80" schemaName="CustomerServiceTeamMember" displayName="IRDP Customer Service Team Member" />
      </MissingDependency>
      <MissingDependency>
        <Required key="34" type="26" schemaName="My Team's Inactive Donors/Units" displayName="My Team's Inactive Donors/Units" parentSchemaName="nhs_rarebloodsource" parentDisplayName="Rare Blood Source" solution="Active" id="{71e14ba5-9f49-ea11-a812-000d3a3a76f4}" />
        <Dependent key="18" type="80" schemaName="CustomerServiceTeamMember" displayName="IRDP Customer Service Team Member" />
      </MissingDependency>
      <MissingDependency>
        <Required key="35" type="26" schemaName="All Inactive Donors/Units" displayName="All Inactive Donors/Units" parentSchemaName="nhs_rarebloodsource" parentDisplayName="Rare Blood Source" solution="Active" id="{817a5fc7-e0ac-4fad-aa4a-172dd809796b}" />
        <Dependent key="18" type="80" schemaName="CustomerServiceTeamMember" displayName="IRDP Customer Service Team Member" />
      </MissingDependency>
      <MissingDependency>
        <Required key="36" type="26" schemaName="My Team's Inactive Contacts" displayName="My Team's Inactive Contacts" parentSchemaName="contact" parentDisplayName="Contact" solution="Active" id="{afdb2b7a-f43d-ea11-a812-000d3a3a7f02}" />
        <Dependent key="18" type="80" schemaName="CustomerServiceTeamMember" displayName="IRDP Customer Service Team Member" />
      </MissingDependency>
      <MissingDependency>
        <Required key="3" type="26" schemaName="My Team's Active Donors/Units" displayName="My Team's Active Donors/Units" parentSchemaName="nhs_rarebloodsource" parentDisplayName="Rare Blood Source" solution="Active" id="{7debb83f-bc12-ea11-a811-000d3a86b423}" />
        <Dependent key="18" type="80" schemaName="CustomerServiceTeamMember" displayName="IRDP Customer Service Team Member" />
      </MissingDependency>
      <MissingDependency>
        <Required key="37" type="26" schemaName="My Team's Active Contacts" displayName="My Team's Active Contacts" parentSchemaName="contact" parentDisplayName="Contact" solution="Active" id="{d18b78b6-b912-ea11-a811-000d3a86b423}" />
        <Dependent key="18" type="80" schemaName="CustomerServiceTeamMember" displayName="IRDP Customer Service Team Member" />
      </MissingDependency>
      <MissingDependency>
        <Required key="13" type="26" schemaName="My Team's Contradictory Donors/Units" displayName="My Team's Contradictory Donors/Units" parentSchemaName="nhs_rarebloodsource" parentDisplayName="Rare Blood Source" solution="Active" id="{d3a8f555-4e68-ea11-a811-000d3a3a7f02}" />
        <Dependent key="18" type="80" schemaName="CustomerServiceTeamMember" displayName="IRDP Customer Service Team Member" />
      </MissingDependency>
      <MissingDependency>
        <Required key="38" type="26" schemaName="My Team's Account" displayName="My Team's Account" parentSchemaName="account" parentDisplayName="Account" solution="Active" id="{1188c3b9-b812-ea11-a811-000d3a86b423}" />
        <Dependent key="18" type="80" schemaName="CustomerServiceTeamMember" displayName="IRDP Customer Service Team Member" />
      </MissingDependency>
      <MissingDependency>
        <Required key="39" type="26" schemaName="All Accounts" displayName="All Accounts" parentSchemaName="account" parentDisplayName="Account" solution="msdynce_AppCommon (9.0.4.0066)" id="{65ffaf9a-e8c5-432d-860b-32f841b00d87}" />
        <Dependent key="18" type="80" schemaName="CustomerServiceTeamMember" displayName="IRDP Customer Service Team Member" />
      </MissingDependency>
      <MissingDependency>
        <Required key="14" type="26" schemaName="My Team's Active Donors/Units Last Reviewed &gt; 6 Months Ago" displayName="My Team's Active Donors/Units Last Reviewed &gt; 6 Months Ago" parentSchemaName="nhs_rarebloodsource" parentDisplayName="Rare Blood Source" solution="Active" id="{680873f6-798f-ea11-a811-000d3a3a7f02}" />
        <Dependent key="18" type="80" schemaName="CustomerServiceTeamMember" displayName="IRDP Customer Service Team Member" />
      </MissingDependency>
      <MissingDependency>
        <Required key="9" type="59" schemaName="Sources by Last Review Date and Team" displayName="Sources by Last Review Date and Team" parentSchemaName="nhs_rarebloodsource" parentDisplayName="Rare Blood Source" solution="Active" id="{6a971fac-9d6a-ea11-a811-000d3a3a76f4}" />
        <Dependent key="18" type="80" schemaName="CustomerServiceTeamMember" displayName="IRDP Customer Service Team Member" />
      </MissingDependency>
      <MissingDependency>
        <Required key="8" type="59" schemaName="Sources by ABO Group" displayName="Sources by ABO Group" parentSchemaName="nhs_rarebloodsource" parentDisplayName="Rare Blood Source" solution="Active" id="{3be73ca0-2e68-ea11-a811-000d3a3a7f02}" />
        <Dependent key="18" type="80" schemaName="CustomerServiceTeamMember" displayName="IRDP Customer Service Team Member" />
      </MissingDependency>
      <MissingDependency>
        <Required key="16" type="59" schemaName="Sources by Last Review Date" displayName="Sources by Last Review Date" parentSchemaName="nhs_rarebloodsource" parentDisplayName="Rare Blood Source" solution="Active" id="{0d97aad5-4f68-ea11-a811-000d3a3a7f02}" />
        <Dependent key="18" type="80" schemaName="CustomerServiceTeamMember" displayName="IRDP Customer Service Team Member" />
      </MissingDependency>
      <MissingDependency>
        <Required key="7" type="59" schemaName="Sources by Team" displayName="Sources by Team" parentSchemaName="nhs_rarebloodsource" parentDisplayName="Rare Blood Source" solution="Active" id="{24c7bc2a-9e6a-ea11-a811-000d3a3a76f4}" />
        <Dependent key="18" type="80" schemaName="CustomerServiceTeamMember" displayName="IRDP Customer Service Team Member" />
      </MissingDependency>
      <MissingDependency>
        <Required key="11" type="59" schemaName="Tasks by Month Due" displayName="Tasks by Month Due" parentSchemaName="task" parentDisplayName="Task" solution="msdynce_AppCommon (9.0.4.0066)" id="{9e6a8b06-6d14-46e6-bbf5-95c388c6eb7a}" />
        <Dependent key="18" type="80" schemaName="CustomerServiceTeamMember" displayName="IRDP Customer Service Team Member" />
      </MissingDependency>
      <MissingDependency>
        <Required key="10" type="59" schemaName="Outstanding Tasks by Team" displayName="Outstanding Tasks by Team" parentSchemaName="task" parentDisplayName="Task" solution="Active" id="{3de5114b-9d6a-ea11-a811-000d3a3a76f4}" />
        <Dependent key="18" type="80" schemaName="CustomerServiceTeamMember" displayName="IRDP Customer Service Team Member" />
      </MissingDependency>
      <MissingDependency>
        <Required key="40" type="60" displayName="IRDP Contact" parentDisplayName="Contact" solution="Active" id="{91f337ad-a1b0-4b47-a5a7-c77e6fa4e988}" />
        <Dependent key="18" type="80" schemaName="CustomerServiceTeamMember" displayName="IRDP Customer Service Team Member" />
      </MissingDependency>
      <MissingDependency>
        <Required key="41" type="60" displayName="account contact card" parentDisplayName="Contact" solution="msdynce_AppCommon (9.0.4.0066)" id="{29de27bc-a257-4f29-99cf-bab4a84e688f}" />
        <Dependent key="18" type="80" schemaName="CustomerServiceTeamMember" displayName="IRDP Customer Service Team Member" />
      </MissingDependency>
      <MissingDependency>
        <Required key="42" type="60" displayName="IRDP Account" parentDisplayName="Account" solution="Active" id="{faa94f83-5816-446c-b8a7-d35f65805e03}" />
        <Dependent key="18" type="80" schemaName="CustomerServiceTeamMember" displayName="IRDP Customer Service Team Member" />
      </MissingDependency>
      <MissingDependency>
        <Required key="43" type="60" displayName="Information" parentDisplayName="Search Execution Record" solution="Active" id="{55e7431f-c554-450b-bc71-d6fb257078ed}" />
        <Dependent key="18" type="80" schemaName="CustomerServiceTeamMember" displayName="IRDP Customer Service Team Member" />
      </MissingDependency>
      <MissingDependency>
        <Required key="44" type="62" schemaName="CustomerServiceTeamMember" solution="msdynce_CustomerServiceTeamMember (9.0.20034.2040)" />
        <Dependent key="18" type="80" schemaName="CustomerServiceTeamMember" displayName="IRDP Customer Service Team Member" />
      </MissingDependency>
      <MissingDependency>
        <Required key="18" type="80" schemaName="CustomerServiceTeamMember" displayName="IRDP Customer Service Team Member" solution="msdynce_CustomerServiceTeamMember (9.0.20034.2040)" />
        <Dependent key="18" type="80" schemaName="CustomerServiceTeamMember" displayName="IRDP Customer Service Team Member" />
      </MissingDependency>
    </MissingDependencies>
  </SolutionManifest>
</ImportExportXml>