<ImportExportXml xmlns:xsi="http://www.w3.org/2001/XMLSchema-instance">
  <Entities></Entities>
  <Roles>
    <Role id="{350d0832-8e1b-ea11-a81d-000d3a6d6cdc}" name="Customer Service Team Member" isinherited="0">
      <RolePrivileges>
        <RolePrivilege name="prvAppendActivity" level="Basic" />
        <RolePrivilege name="prvAppendFeedback" level="Basic" />
        <RolePrivilege name="prvAppendIncident" level="Basic" />
        <RolePrivilege name="prvAppendNote" level="Basic" />
        <RolePrivilege name="prvAppendToAccount" level="Global" />
        <RolePrivilege name="prvAppendToActivity" level="Basic" />
        <RolePrivilege name="prvAppendToIncident" level="Basic" />
        <RolePrivilege name="prvAppendToKnowledgeArticle" level="Global" />
        <RolePrivilege name="prvAppendToNote" level="Basic" />
        <RolePrivilege name="prvAppendToProduct" level="Global" />
        <RolePrivilege name="prvAppendToSubject" level="Global" />
        <RolePrivilege name="prvCreateActivity" level="Basic" />
        <RolePrivilege name="prvCreateFeedback" level="Basic" />
        <RolePrivilege name="prvCreateIncident" level="Basic" />
        <RolePrivilege name="prvCreateNote" level="Basic" />
        <RolePrivilege name="prvCreateSharePointData" level="Global" />
        <RolePrivilege name="prvDeleteActivity" level="Basic" />
        <RolePrivilege name="prvDeleteNote" level="Basic" />
        <RolePrivilege name="prvExportToExcel" level="Global" />
        <RolePrivilege name="prvReadAccount" level="Global" />
        <RolePrivilege name="prvReadActivity" level="Global" />
        <RolePrivilege name="prvReadAppModule" level="Global" />
        <RolePrivilege name="prvReadAsyncOperation" level="Basic" />
        <RolePrivilege name="prvReadAttribute" level="Global" />
        <RolePrivilege name="prvReadAttributeMap" level="Global" />
        <RolePrivilege name="prvReadBusinessUnit" level="Local" />
        <RolePrivilege name="prvReadCustomization" level="Global" />
        <RolePrivilege name="prvReadEntitlement" level="Global" />
        <RolePrivilege name="prvReadEntity" level="Global" />
        <RolePrivilege name="prvReadEntityKey" level="Global" />
        <RolePrivilege name="prvReadEntityMap" level="Global" />
        <RolePrivilege name="prvReadEnvironmentVariableDefinition" level="Global" />
        <RolePrivilege name="prvReadEnvironmentVariableValue" level="Global" />
        <RolePrivilege name="prvReadFeedback" level="Global" />
        <RolePrivilege name="prvReadHierarchyRule" level="Global" />
        <RolePrivilege name="prvReadIncident" level="Basic" />
        <RolePrivilege name="prvReadKnowledgeArticle" level="Global" />
        <RolePrivilege name="prvReadKnowledgeArticleViews" level="Global" />
        <RolePrivilege name="prvReadLanguageLocale" level="Global" />
        <RolePrivilege name="prvReadmsdyn_PostConfig" level="Global" />
        <RolePrivilege name="prvReadmsdyn_wallsavedqueryusersettings" level="Basic" />
        <RolePrivilege name="prvReadNote" level="Global" />
        <RolePrivilege name="prvReadOptionSet" level="Global" />
        <RolePrivilege name="prvReadOrganization" level="Global" />
        <RolePrivilege name="prvReadPluginAssembly" level="Global" />
        <RolePrivilege name="prvReadPluginType" level="Global" />
        <RolePrivilege name="prvReadProduct" level="Global" />
        <RolePrivilege name="prvReadQuery" level="Global" />
        <RolePrivilege name="prvReadQueue" level="Basic" />
        <RolePrivilege name="prvReadRatingModel" level="Global" />
        <RolePrivilege name="prvReadRatingValue" level="Global" />
        <RolePrivilege name="prvReadRelationship" level="Global" />
        <RolePrivilege name="prvReadRole" level="Local" />
        <RolePrivilege name="prvReadSdkMessage" level="Global" />
        <RolePrivilege name="prvReadSdkMessageProcessingStep" level="Global" />
        <RolePrivilege name="prvReadSdkMessageProcessingStepImage" level="Global" />
        <RolePrivilege name="prvReadService" level="Global" />
        <RolePrivilege name="prvReadSharePointData" level="Global" />
        <RolePrivilege name="prvReadSharePointDocument" level="Global" />
        <RolePrivilege name="prvReadSubject" level="Global" />
        <RolePrivilege name="prvReadSystemApplicationMetadata" level="Global" />
        <RolePrivilege name="prvReadSystemForm" level="Global" />
        <RolePrivilege name="prvReadTeam" level="Local" />
        <RolePrivilege name="prvReadUserApplicationMetadata" level="Basic" />
        <RolePrivilege name="prvReadUserEntityInstanceData" level="Basic" />
        <RolePrivilege name="prvReadUserEntityUISettings" level="Basic" />
        <RolePrivilege name="prvReadUserQuery" level="Basic" />
        <RolePrivilege name="prvReadUserSettings" level="Local" />
        <RolePrivilege name="prvReadWebResource" level="Global" />
        <RolePrivilege name="prvReadWizardPage" level="Global" />
        <RolePrivilege name="prvReadWorkflow" level="Global" />
        <RolePrivilege name="prvWriteActivity" level="Basic" />
        <RolePrivilege name="prvWriteFeedback" level="Basic" />
        <RolePrivilege name="prvWriteIncident" level="Basic" />
        <RolePrivilege name="prvWriteNote" level="Basic" />
        <RolePrivilege name="prvWriteSharePointData" level="Global" />
      </RolePrivileges>
    </Role>
    <Role id="{b227d587-bc12-ea11-a811-000d3a86b423}" name="IRDP Admin" isinherited="0">
      <IsCustomizable>1</IsCustomizable>
      <RolePrivileges>
        <RolePrivilege name="prvActivateSynchronousWorkflow" level="Basic" />
        <RolePrivilege name="prvAppendAccount" level="Global" />
        <RolePrivilege name="prvAppendActionCard" level="Basic" />
        <RolePrivilege name="prvAppendActivity" level="Global" />
        <RolePrivilege name="prvAppendCategory" level="Global" />
        <RolePrivilege name="prvAppendChannelPropertyGroup" level="Global" />
        <RolePrivilege name="prvAppendConstraint" level="Global" />
        <RolePrivilege name="prvAppendContact" level="Global" />
        <RolePrivilege name="prvAppendImport" level="Local" />
        <RolePrivilege name="prvAppendImportFile" level="Local" />
        <RolePrivilege name="prvAppendImportMap" level="Local" />
        <RolePrivilege name="prvAppendMailbox" level="Basic" />
        <RolePrivilege name="prvAppendMailboxTrackingFolder" level="Basic" />
        <RolePrivilege name="prvAppendmsdyn_actioncardregarding" level="Basic" />
        <RolePrivilege name="prvAppendmsdyn_actioncardrolesetting" level="Basic" />
        <RolePrivilege name="prvAppendmsdyn_entityrankingrule" level="Basic" />
        <RolePrivilege name="prvAppendmsdyn_flowcardtype" level="Basic" />
        <RolePrivilege name="prvAppendmsdyn_PostAlbum" level="Basic" />
        <RolePrivilege name="prvAppendmsdyn_salesinsightssettings" level="Basic" />
        <RolePrivilege name="prvAppendmsdyn_wallsavedqueryusersettings" level="Basic" />
        <RolePrivilege name="prvAppendnhs_Antigen" level="Global" />
        <RolePrivilege name="prvAppendnhs_AntigenRarityAssociation" level="Global" />
        <RolePrivilege name="prvAppendnhs_AntigenSourceAssociation" level="Global" />
        <RolePrivilege name="prvAppendnhs_BloodGroupSystem" level="Global" />
        <RolePrivilege name="prvAppendnhs_Country" level="Global" />
        <RolePrivilege name="prvAppendnhs_RareBloodSource" level="Global" />
        <RolePrivilege name="prvAppendnhs_rarebloodsourceimport" level="Global" />
        <RolePrivilege name="prvAppendnhs_Rarity" level="Global" />
        <RolePrivilege name="prvAppendnhs_RaritySourceAssociation" level="Global" />
        <RolePrivilege name="prvAppendnhs_usersupplementaryfields" level="Basic" />
        <RolePrivilege name="prvAppendNote" level="Local" />
        <RolePrivilege name="prvAppendPersonalDocumentTemplate" level="Basic" />
        <RolePrivilege name="prvAppendPost" level="Global" />
        <RolePrivilege name="prvAppendPostFollow" level="Basic" />
        <RolePrivilege name="prvAppendQueue" level="Global" />
        <RolePrivilege name="prvAppendRole" level="Global" />
        <RolePrivilege name="prvAppendTeam" level="Global" />
        <RolePrivilege name="prvAppendToAccount" level="Global" />
        <RolePrivilege name="prvAppendToActionCard" level="Global" />
        <RolePrivilege name="prvAppendToActivity" level="Global" />
        <RolePrivilege name="prvAppendToAsyncOperation" level="Basic" />
        <RolePrivilege name="prvAppendtoCategory" level="Global" />
        <RolePrivilege name="prvAppendToChannelPropertyGroup" level="Global" />
        <RolePrivilege name="prvAppendToContact" level="Global" />
        <RolePrivilege name="prvAppendToEmailServerProfile" level="Global" />
        <RolePrivilege name="prvAppendToImport" level="Local" />
        <RolePrivilege name="prvAppendToImportFile" level="Local" />
        <RolePrivilege name="prvAppendToImportMap" level="Local" />
        <RolePrivilege name="prvAppendTomsdyn_actioncardregarding" level="Global" />
        <RolePrivilege name="prvAppendTomsdyn_actioncardrolesetting" level="Global" />
        <RolePrivilege name="prvAppendTomsdyn_entityrankingrule" level="Global" />
        <RolePrivilege name="prvAppendTomsdyn_flowcardtype" level="Global" />
        <RolePrivilege name="prvAppendTomsdyn_PostAlbum" level="Basic" />
        <RolePrivilege name="prvAppendTomsdyn_salesinsightssettings" level="Global" />
        <RolePrivilege name="prvAppendTomsdyn_wallsavedqueryusersettings" level="Basic" />
        <RolePrivilege name="prvAppendTonhs_Antigen" level="Global" />
        <RolePrivilege name="prvAppendTonhs_AntigenRarityAssociation" level="Global" />
        <RolePrivilege name="prvAppendTonhs_AntigenSourceAssociation" level="Global" />
        <RolePrivilege name="prvAppendTonhs_BloodGroupSystem" level="Global" />
        <RolePrivilege name="prvAppendTonhs_Country" level="Global" />
        <RolePrivilege name="prvAppendTonhs_RareBloodSource" level="Global" />
        <RolePrivilege name="prvAppendTonhs_rarebloodsourceimport" level="Global" />
        <RolePrivilege name="prvAppendTonhs_Rarity" level="Global" />
        <RolePrivilege name="prvAppendTonhs_RaritySourceAssociation" level="Global" />
        <RolePrivilege name="prvAppendTonhs_usersupplementaryfields" level="Basic" />
        <RolePrivilege name="prvAppendToNote" level="Local" />
        <RolePrivilege name="prvAppendToPersonalDocumentTemplate" level="Basic" />
        <RolePrivilege name="prvAppendToPost" level="Global" />
        <RolePrivilege name="prvAppendToQueue" level="Global" />
        <RolePrivilege name="prvAppendToRole" level="Global" />
        <RolePrivilege name="prvAppendToTeam" level="Global" />
        <RolePrivilege name="prvAppendToTraceLog" level="Global" />
        <RolePrivilege name="prvAppendToTransactionCurrency" level="Global" />
        <RolePrivilege name="prvAppendToUser" level="Global" />
        <RolePrivilege name="prvAppendToUserSettings" level="Global" />
        <RolePrivilege name="prvAppendToWorkflow" level="Global" />
        <RolePrivilege name="prvAppendToWorkflowSession" level="Basic" />
        <RolePrivilege name="prvAppendTraceLog" level="Global" />
        <RolePrivilege name="prvAppendTransactionCurrency" level="Global" />
        <RolePrivilege name="prvAppendUser" level="Global" />
        <RolePrivilege name="prvAppendWorkflow" level="Basic" />
        <RolePrivilege name="prvAppendWorkflowSession" level="Basic" />
        <RolePrivilege name="prvAssignAccount" level="Global" />
        <RolePrivilege name="prvAssignActivity" level="Global" />
        <RolePrivilege name="prvAssignAsyncOperation" level="Basic" />
        <RolePrivilege name="prvAssignCallbackRegistration" level="Basic" />
        <RolePrivilege name="prvAssignContact" level="Basic" />
        <RolePrivilege name="prvAssignImport" level="Local" />
        <RolePrivilege name="prvAssignImportFile" level="Local" />
        <RolePrivilege name="prvAssignImportMap" level="Local" />
        <RolePrivilege name="prvAssignnhs_AntigenSourceAssociation" level="Global" />
        <RolePrivilege name="prvAssignnhs_RareBloodSource" level="Global" />
        <RolePrivilege name="prvAssignnhs_rarebloodsourceimport" level="Global" />
        <RolePrivilege name="prvAssignnhs_RaritySourceAssociation" level="Global" />
        <RolePrivilege name="prvAssignPersonalDocumentTemplate" level="Basic" />
        <RolePrivilege name="prvAssignRole" level="Global" />
        <RolePrivilege name="prvAssignWorkflow" level="Basic" />
        <RolePrivilege name="prvAssignWorkflowSession" level="Basic" />
        <RolePrivilege name="prvBulkEdit" level="Global" />
        <RolePrivilege name="prvCreateAccount" level="Global" />
        <RolePrivilege name="prvCreateActivity" level="Global" />
        <RolePrivilege name="prvCreateAsyncOperation" level="Basic" />
        <RolePrivilege name="prvCreateBookableResourceBookingExchangeSyncIdMapping" level="Basic" />
        <RolePrivilege name="prvCreateCallbackRegistration" level="Basic" />
        <RolePrivilege name="prvCreateContact" level="Global" />
        <RolePrivilege name="prvCreateImport" level="Local" />
        <RolePrivilege name="prvCreateImportFile" level="Local" />
        <RolePrivilege name="prvCreateImportMap" level="Local" />
        <RolePrivilege name="prvCreateMailboxTrackingFolder" level="Basic" />
        <RolePrivilege name="prvCreatemsdyn_actioncardregarding" level="Basic" />
        <RolePrivilege name="prvCreatemsdyn_actioncardrolesetting" level="Basic" />
        <RolePrivilege name="prvCreatemsdyn_entityrankingrule" level="Basic" />
        <RolePrivilege name="prvCreatemsdyn_flowcardtype" level="Basic" />
        <RolePrivilege name="prvCreatemsdyn_PostAlbum" level="Basic" />
        <RolePrivilege name="prvCreatemsdyn_salesinsightssettings" level="Basic" />
        <RolePrivilege name="prvCreatemsdyn_wallsavedqueryusersettings" level="Basic" />
        <RolePrivilege name="prvCreatenhs_Antigen" level="Global" />
        <RolePrivilege name="prvCreatenhs_AntigenRarityAssociation" level="Global" />
        <RolePrivilege name="prvCreatenhs_AntigenSourceAssociation" level="Global" />
        <RolePrivilege name="prvCreatenhs_BloodGroupSystem" level="Global" />
        <RolePrivilege name="prvCreatenhs_Country" level="Global" />
        <RolePrivilege name="prvCreatenhs_RareBloodSource" level="Global" />
        <RolePrivilege name="prvCreatenhs_rarebloodsourceimport" level="Global" />
        <RolePrivilege name="prvCreatenhs_Rarity" level="Global" />
        <RolePrivilege name="prvCreatenhs_RaritySourceAssociation" level="Global" />
        <RolePrivilege name="prvCreatenhs_searchexecution" level="Basic" />
        <RolePrivilege name="prvCreatenhs_usersupplementaryfields" level="Basic" />
        <RolePrivilege name="prvCreateNote" level="Basic" />
        <RolePrivilege name="prvCreatePersonalDocumentTemplate" level="Basic" />
        <RolePrivilege name="prvCreatePluginTraceLog" level="Global" />
        <RolePrivilege name="prvCreatePost" level="Global" />
        <RolePrivilege name="prvCreatePostFollow" level="Basic" />
        <RolePrivilege name="prvCreateQueue" level="Global" />
        <RolePrivilege name="prvCreateSharePointData" level="Global" />
        <RolePrivilege name="prvCreateTeam" level="Global" />
        <RolePrivilege name="prvCreateTraceLog" level="Global" />
        <RolePrivilege name="prvCreateUserApplicationMetadata" level="Basic" />
        <RolePrivilege name="prvCreateUserEntityUISettings" level="Basic" />
        <RolePrivilege name="prvCreateUserSettings" level="Global" />
        <RolePrivilege name="prvCreateWorkflow" level="Basic" />
        <RolePrivilege name="prvCreateWorkflowSession" level="Basic" />
        <RolePrivilege name="prvDeleteActionCardUserSettings" level="Basic" />
        <RolePrivilege name="prvDeleteActivity" level="Global" />
        <RolePrivilege name="prvDeleteBookableResourceBookingExchangeSyncIdMapping" level="Basic" />
        <RolePrivilege name="prvDeleteCallbackRegistration" level="Basic" />
        <RolePrivilege name="prvDeleteMailboxTrackingFolder" level="Basic" />
        <RolePrivilege name="prvDeletemsdyn_PostAlbum" level="Basic" />
        <RolePrivilege name="prvDeletemsdyn_wallsavedqueryusersettings" level="Basic" />
        <RolePrivilege name="prvDeletePersonalDocumentTemplate" level="Basic" />
        <RolePrivilege name="prvDeletePostFollow" level="Basic" />
        <RolePrivilege name="prvDeleteQueue" level="Global" />
        <RolePrivilege name="prvDeleteUserApplicationMetadata" level="Basic" />
        <RolePrivilege name="prvDeleteUserSettings" level="Global" />
        <RolePrivilege name="prvDeleteWorkflow" level="Basic" />
        <RolePrivilege name="prvDeleteWorkflowSession" level="Basic" />
        <RolePrivilege name="prvExportToExcel" level="Global" />
        <RolePrivilege name="prvFlow" level="Global" />
        <RolePrivilege name="prvReadAccount" level="Global" />
        <RolePrivilege name="prvReadACIViewMapper" level="Global" />
        <RolePrivilege name="prvReadActionCard" level="Basic" />
        <RolePrivilege name="prvReadActionCardUserSettings" level="Basic" />
        <RolePrivilege name="prvReadActivity" level="Global" />
        <RolePrivilege name="prvReadAppConfigMaster" level="Global" />
        <RolePrivilege name="prvReadApplicationFile" level="Global" />
        <RolePrivilege name="prvReadAppModule" level="Global" />
        <RolePrivilege name="prvReadAsyncOperation" level="Basic" />
        <RolePrivilege name="prvReadAttribute" level="Global" />
        <RolePrivilege name="prvReadAttributeMap" level="Global" />
        <RolePrivilege name="prvReadBookableResourceBookingExchangeSyncIdMapping" level="Basic" />
        <RolePrivilege name="prvReadBusinessUnit" level="Global" />
        <RolePrivilege name="prvReadCallbackRegistration" level="Basic" />
        <RolePrivilege name="prvReadCategory" level="Global" />
        <RolePrivilege name="prvReadChannelPropertyGroup" level="Global" />
        <RolePrivilege name="prvReadComplexControl" level="Global" />
        <RolePrivilege name="prvReadContact" level="Global" />
        <RolePrivilege name="prvReadCustomerRelationship" level="Global" />
        <RolePrivilege name="prvReadCustomization" level="Global" />
        <RolePrivilege name="prvReadDelveActionHub" level="Global" />
        <RolePrivilege name="prvReadDocumentTemplate" level="Global" />
        <RolePrivilege name="prvReadEmailServerProfile" level="Global" />
        <RolePrivilege name="prvReadEntity" level="Global" />
        <RolePrivilege name="prvReadEntityDataProvider" level="Global" />
        <RolePrivilege name="prvReadEntityKey" level="Global" />
        <RolePrivilege name="prvReadEntityMap" level="Global" />
        <RolePrivilege name="prvReadGoal" level="Basic" />
        <RolePrivilege name="prvReadGoalRollupQuery" level="Basic" />
        <RolePrivilege name="prvReadHierarchyRule" level="Global" />
        <RolePrivilege name="prvReadImport" level="Local" />
        <RolePrivilege name="prvReadImportFile" level="Local" />
        <RolePrivilege name="prvReadImportMap" level="Global" />
        <RolePrivilege name="prvReadLanguageLocale" level="Global" />
        <RolePrivilege name="prvReadLicense" level="Global" />
        <RolePrivilege name="prvReadMailbox" level="Basic" />
        <RolePrivilege name="prvReadMailboxTrackingFolder" level="Basic" />
        <RolePrivilege name="prvReadMetric" level="Global" />
        <RolePrivilege name="prvReadmsdyn_actioncardregarding" level="Basic" />
        <RolePrivilege name="prvReadmsdyn_actioncardrolesetting" level="Basic" />
        <RolePrivilege name="prvReadmsdyn_entityrankingrule" level="Basic" />
        <RolePrivilege name="prvReadmsdyn_flowcardtype" level="Global" />
        <RolePrivilege name="prvReadmsdyn_PostAlbum" level="Global" />
        <RolePrivilege name="prvReadmsdyn_PostConfig" level="Global" />
        <RolePrivilege name="prvReadmsdyn_PostRuleConfig" level="Global" />
        <RolePrivilege name="prvReadmsdyn_salesinsightssettings" level="Basic" />
        <RolePrivilege name="prvReadmsdyn_wallsavedquery" level="Global" />
        <RolePrivilege name="prvReadmsdyn_wallsavedqueryusersettings" level="Basic" />
        <RolePrivilege name="prvReadNewsArticle" level="Global" />
        <RolePrivilege name="prvReadnhs_Antigen" level="Global" />
        <RolePrivilege name="prvReadnhs_AntigenRarityAssociation" level="Global" />
        <RolePrivilege name="prvReadnhs_AntigenSourceAssociation" level="Global" />
        <RolePrivilege name="prvReadnhs_BloodGroupSystem" level="Global" />
        <RolePrivilege name="prvReadnhs_configentity" level="Global" />
        <RolePrivilege name="prvReadnhs_Country" level="Global" />
        <RolePrivilege name="prvReadnhs_RareBloodSource" level="Global" />
        <RolePrivilege name="prvReadnhs_rarebloodsourceimport" level="Global" />
        <RolePrivilege name="prvReadnhs_Rarity" level="Global" />
        <RolePrivilege name="prvReadnhs_RaritySourceAssociation" level="Global" />
        <RolePrivilege name="prvReadnhs_searchexecution" level="Global" />
        <RolePrivilege name="prvReadnhs_usersupplementaryfields" level="Basic" />
        <RolePrivilege name="prvReadNote" level="Global" />
        <RolePrivilege name="prvReadOptionSet" level="Global" />
        <RolePrivilege name="prvReadOrganization" level="Global" />
        <RolePrivilege name="prvReadPersonalDocumentTemplate" level="Basic" />
        <RolePrivilege name="prvReadPluginAssembly" level="Global" />
        <RolePrivilege name="prvReadPluginType" level="Global" />
        <RolePrivilege name="prvReadPosition" level="Global" />
        <RolePrivilege name="prvReadPost" level="Global" />
        <RolePrivilege name="prvReadPostFollow" level="Global" />
        <RolePrivilege name="prvReadQuery" level="Global" />
        <RolePrivilege name="prvReadQueue" level="Global" />
        <RolePrivilege name="prvReadRecordAuditHistory" level="Global" />
        <RolePrivilege name="prvReadRelationship" level="Global" />
        <RolePrivilege name="prvReadRelationshipRole" level="Global" />
        <RolePrivilege name="prvReadRole" level="Global" />
        <RolePrivilege name="prvReadSavedQueryVisualizations" level="Global" />
        <RolePrivilege name="prvReadSdkMessage" level="Global" />
        <RolePrivilege name="prvReadSdkMessageProcessingStep" level="Global" />
        <RolePrivilege name="prvReadSdkMessageProcessingStepImage" level="Global" />
        <RolePrivilege name="prvReadSharePointData" level="Global" />
        <RolePrivilege name="prvReadSharePointDocument" level="Global" />
        <RolePrivilege name="prvReadSharePointSite" level="Global" />
        <RolePrivilege name="prvReadSystemApplicationMetadata" level="Global" />
        <RolePrivilege name="prvReadSystemForm" level="Global" />
        <RolePrivilege name="prvReadTeam" level="Global" />
        <RolePrivilege name="prvReadTraceLog" level="Global" />
        <RolePrivilege name="prvReadTransactionCurrency" level="Global" />
        <RolePrivilege name="prvReadUser" level="Global" />
        <RolePrivilege name="prvReadUserApplicationMetadata" level="Basic" />
        <RolePrivilege name="prvReadUserEntityUISettings" level="Basic" />
        <RolePrivilege name="prvReadUserSettings" level="Global" />
        <RolePrivilege name="prvReadWebResource" level="Global" />
        <RolePrivilege name="prvReadWorkflow" level="Global" />
        <RolePrivilege name="prvReadWorkflowSession" level="Global" />
        <RolePrivilege name="prvReparentUser" level="Global" />
        <RolePrivilege name="prvShareActionCardUserSettings" level="Basic" />
        <RolePrivilege name="prvShareCallbackRegistration" level="Basic" />
        <RolePrivilege name="prvSharePersonalDocumentTemplate" level="Global" />
        <RolePrivilege name="prvShareWorkflow" level="Basic" />
        <RolePrivilege name="prvShareWorkflowSession" level="Basic" />
        <RolePrivilege name="prvWorkflowExecution" level="Global" />
        <RolePrivilege name="prvWriteAccount" level="Global" />
        <RolePrivilege name="prvWriteActionCard" level="Basic" />
        <RolePrivilege name="prvWriteActionCardUserSettings" level="Basic" />
        <RolePrivilege name="prvWriteActivity" level="Global" />
        <RolePrivilege name="prvWriteAsyncOperation" level="Basic" />
        <RolePrivilege name="prvWriteBookableResourceBookingExchangeSyncIdMapping" level="Basic" />
        <RolePrivilege name="prvWriteCallbackRegistration" level="Basic" />
        <RolePrivilege name="prvWriteContact" level="Global" />
        <RolePrivilege name="prvWriteImport" level="Local" />
        <RolePrivilege name="prvWriteImportFile" level="Local" />
        <RolePrivilege name="prvWriteImportMap" level="Local" />
        <RolePrivilege name="prvWriteMailbox" level="Basic" />
        <RolePrivilege name="prvWriteMailboxTrackingFolder" level="Basic" />
        <RolePrivilege name="prvWritemsdyn_actioncardregarding" level="Basic" />
        <RolePrivilege name="prvWritemsdyn_actioncardrolesetting" level="Basic" />
        <RolePrivilege name="prvWritemsdyn_entityrankingrule" level="Basic" />
        <RolePrivilege name="prvWritemsdyn_flowcardtype" level="Basic" />
        <RolePrivilege name="prvWritemsdyn_PostAlbum" level="Basic" />
        <RolePrivilege name="prvWritemsdyn_salesinsightssettings" level="Basic" />
        <RolePrivilege name="prvWritemsdyn_wallsavedqueryusersettings" level="Basic" />
        <RolePrivilege name="prvWritenhs_Antigen" level="Global" />
        <RolePrivilege name="prvWritenhs_AntigenRarityAssociation" level="Global" />
        <RolePrivilege name="prvWritenhs_AntigenSourceAssociation" level="Global" />
        <RolePrivilege name="prvWritenhs_BloodGroupSystem" level="Global" />
        <RolePrivilege name="prvWritenhs_configentity" level="Global" />
        <RolePrivilege name="prvWritenhs_Country" level="Global" />
        <RolePrivilege name="prvWritenhs_RareBloodSource" level="Global" />
        <RolePrivilege name="prvWritenhs_rarebloodsourceimport" level="Global" />
        <RolePrivilege name="prvWritenhs_Rarity" level="Global" />
        <RolePrivilege name="prvWritenhs_RaritySourceAssociation" level="Global" />
        <RolePrivilege name="prvWritenhs_usersupplementaryfields" level="Basic" />
        <RolePrivilege name="prvWritePersonalDocumentTemplate" level="Basic" />
        <RolePrivilege name="prvWriteSharePointData" level="Global" />
        <RolePrivilege name="prvWriteTeam" level="Global" />
        <RolePrivilege name="prvWriteUserApplicationMetadata" level="Basic" />
        <RolePrivilege name="prvWriteUserEntityUISettings" level="Basic" />
        <RolePrivilege name="prvWriteUserSettings" level="Global" />
        <RolePrivilege name="prvWriteWorkflow" level="Basic" />
        <RolePrivilege name="prvWriteWorkflowSession" level="Basic" />
      </RolePrivileges>
    </Role>
    <Role id="{d986fdc5-ae12-ea11-a811-000d3a86b423}" name="IRDP Consumer" isinherited="0">
      <IsCustomizable>1</IsCustomizable>
      <RolePrivileges>
        <RolePrivilege name="prvActivateSynchronousWorkflow" level="Basic" />
        <RolePrivilege name="prvAppendAccount" level="Global" />
        <RolePrivilege name="prvAppendActionCard" level="Basic" />
        <RolePrivilege name="prvAppendCategory" level="Global" />
        <RolePrivilege name="prvAppendChannelPropertyGroup" level="Global" />
        <RolePrivilege name="prvAppendConstraint" level="Global" />
        <RolePrivilege name="prvAppendMailbox" level="Basic" />
        <RolePrivilege name="prvAppendMailboxTrackingFolder" level="Basic" />
        <RolePrivilege name="prvAppendmsdyn_actioncardregarding" level="Basic" />
        <RolePrivilege name="prvAppendmsdyn_actioncardrolesetting" level="Basic" />
        <RolePrivilege name="prvAppendmsdyn_entityrankingrule" level="Basic" />
        <RolePrivilege name="prvAppendmsdyn_flowcardtype" level="Basic" />
        <RolePrivilege name="prvAppendmsdyn_PostAlbum" level="Basic" />
        <RolePrivilege name="prvAppendmsdyn_salesinsightssettings" level="Basic" />
        <RolePrivilege name="prvAppendmsdyn_wallsavedqueryusersettings" level="Basic" />
        <RolePrivilege name="prvAppendnhs_searchexecution" level="Basic" />
        <RolePrivilege name="prvAppendnhs_usersupplementaryfields" level="Basic" />
        <RolePrivilege name="prvAppendPersonalDocumentTemplate" level="Basic" />
        <RolePrivilege name="prvAppendPostFollow" level="Basic" />
        <RolePrivilege name="prvAppendToAccount" level="Global" />
        <RolePrivilege name="prvAppendToActionCard" level="Global" />
        <RolePrivilege name="prvAppendToAsyncOperation" level="Basic" />
        <RolePrivilege name="prvAppendtoCategory" level="Global" />
        <RolePrivilege name="prvAppendToChannelPropertyGroup" level="Global" />
        <RolePrivilege name="prvAppendToEmailServerProfile" level="Global" />
        <RolePrivilege name="prvAppendTomsdyn_actioncardregarding" level="Global" />
        <RolePrivilege name="prvAppendTomsdyn_actioncardrolesetting" level="Global" />
        <RolePrivilege name="prvAppendTomsdyn_entityrankingrule" level="Global" />
        <RolePrivilege name="prvAppendTomsdyn_flowcardtype" level="Global" />
        <RolePrivilege name="prvAppendTomsdyn_PostAlbum" level="Basic" />
        <RolePrivilege name="prvAppendTomsdyn_salesinsightssettings" level="Global" />
        <RolePrivilege name="prvAppendTomsdyn_wallsavedqueryusersettings" level="Basic" />
        <RolePrivilege name="prvAppendTonhs_searchexecution" level="Basic" />
        <RolePrivilege name="prvAppendTonhs_usersupplementaryfields" level="Basic" />
        <RolePrivilege name="prvAppendToPersonalDocumentTemplate" level="Basic" />
        <RolePrivilege name="prvAppendToTeam" level="Local" />
        <RolePrivilege name="prvAppendToTraceLog" level="Global" />
        <RolePrivilege name="prvAppendToTransactionCurrency" level="Global" />
        <RolePrivilege name="prvAppendToUserSettings" level="Local" />
        <RolePrivilege name="prvAppendToWorkflow" level="Global" />
        <RolePrivilege name="prvAppendToWorkflowSession" level="Basic" />
        <RolePrivilege name="prvAppendTraceLog" level="Global" />
        <RolePrivilege name="prvAppendTransactionCurrency" level="Global" />
        <RolePrivilege name="prvAppendWorkflow" level="Basic" />
        <RolePrivilege name="prvAppendWorkflowSession" level="Basic" />
        <RolePrivilege name="prvAssignAsyncOperation" level="Basic" />
        <RolePrivilege name="prvAssignCallbackRegistration" level="Basic" />
        <RolePrivilege name="prvAssignPersonalDocumentTemplate" level="Basic" />
        <RolePrivilege name="prvAssignWorkflow" level="Basic" />
        <RolePrivilege name="prvAssignWorkflowSession" level="Basic" />
        <RolePrivilege name="prvCreateAsyncOperation" level="Basic" />
        <RolePrivilege name="prvCreateBookableResourceBookingExchangeSyncIdMapping" level="Basic" />
        <RolePrivilege name="prvCreateCallbackRegistration" level="Basic" />
        <RolePrivilege name="prvCreateMailboxTrackingFolder" level="Basic" />
        <RolePrivilege name="prvCreatemsdyn_actioncardregarding" level="Basic" />
        <RolePrivilege name="prvCreatemsdyn_actioncardrolesetting" level="Basic" />
        <RolePrivilege name="prvCreatemsdyn_entityrankingrule" level="Basic" />
        <RolePrivilege name="prvCreatemsdyn_flowcardtype" level="Basic" />
        <RolePrivilege name="prvCreatemsdyn_PostAlbum" level="Basic" />
        <RolePrivilege name="prvCreatemsdyn_salesinsightssettings" level="Basic" />
        <RolePrivilege name="prvCreatemsdyn_wallsavedqueryusersettings" level="Basic" />
        <RolePrivilege name="prvCreatenhs_searchexecution" level="Basic" />
        <RolePrivilege name="prvCreatenhs_usersupplementaryfields" level="Basic" />
        <RolePrivilege name="prvCreatePersonalDocumentTemplate" level="Basic" />
        <RolePrivilege name="prvCreatePluginTraceLog" level="Global" />
        <RolePrivilege name="prvCreatePostFollow" level="Basic" />
        <RolePrivilege name="prvCreateSharePointData" level="Global" />
        <RolePrivilege name="prvCreateTraceLog" level="Global" />
        <RolePrivilege name="prvCreateUserApplicationMetadata" level="Basic" />
        <RolePrivilege name="prvCreateUserSettings" level="Local" />
        <RolePrivilege name="prvCreateWorkflow" level="Basic" />
        <RolePrivilege name="prvCreateWorkflowSession" level="Basic" />
        <RolePrivilege name="prvDeleteActionCardUserSettings" level="Basic" />
        <RolePrivilege name="prvDeleteBookableResourceBookingExchangeSyncIdMapping" level="Basic" />
        <RolePrivilege name="prvDeleteCallbackRegistration" level="Basic" />
        <RolePrivilege name="prvDeleteMailboxTrackingFolder" level="Basic" />
        <RolePrivilege name="prvDeletemsdyn_PostAlbum" level="Basic" />
        <RolePrivilege name="prvDeletemsdyn_wallsavedqueryusersettings" level="Basic" />
        <RolePrivilege name="prvDeletePersonalDocumentTemplate" level="Basic" />
        <RolePrivilege name="prvDeletePostFollow" level="Basic" />
        <RolePrivilege name="prvDeleteUserApplicationMetadata" level="Basic" />
        <RolePrivilege name="prvDeleteUserSettings" level="Local" />
        <RolePrivilege name="prvDeleteWorkflow" level="Basic" />
        <RolePrivilege name="prvDeleteWorkflowSession" level="Basic" />
        <RolePrivilege name="prvFlow" level="Global" />
        <RolePrivilege name="prvReadAccount" level="Global" />
        <RolePrivilege name="prvReadACIViewMapper" level="Global" />
        <RolePrivilege name="prvReadActionCard" level="Basic" />
        <RolePrivilege name="prvReadActionCardUserSettings" level="Basic" />
        <RolePrivilege name="prvReadAppConfigMaster" level="Global" />
        <RolePrivilege name="prvReadApplicationFile" level="Global" />
        <RolePrivilege name="prvReadAppModule" level="Global" />
        <RolePrivilege name="prvReadAsyncOperation" level="Basic" />
        <RolePrivilege name="prvReadAttribute" level="Global" />
        <RolePrivilege name="prvReadAttributeMap" level="Global" />
        <RolePrivilege name="prvReadBookableResourceBookingExchangeSyncIdMapping" level="Basic" />
        <RolePrivilege name="prvReadBusinessUnit" level="Global" />
        <RolePrivilege name="prvReadCallbackRegistration" level="Basic" />
        <RolePrivilege name="prvReadCategory" level="Global" />
        <RolePrivilege name="prvReadChannelPropertyGroup" level="Global" />
        <RolePrivilege name="prvReadComplexControl" level="Global" />
        <RolePrivilege name="prvReadContact" level="Global" />
        <RolePrivilege name="prvReadCustomerRelationship" level="Global" />
        <RolePrivilege name="prvReadCustomization" level="Global" />
        <RolePrivilege name="prvReadDelveActionHub" level="Global" />
        <RolePrivilege name="prvReadDocumentTemplate" level="Global" />
        <RolePrivilege name="prvReadEmailServerProfile" level="Global" />
        <RolePrivilege name="prvReadEntity" level="Global" />
        <RolePrivilege name="prvReadEntityDataProvider" level="Global" />
        <RolePrivilege name="prvReadEntityKey" level="Global" />
        <RolePrivilege name="prvReadEntityMap" level="Global" />
        <RolePrivilege name="prvReadGoal" level="Basic" />
        <RolePrivilege name="prvReadGoalRollupQuery" level="Basic" />
        <RolePrivilege name="prvReadHierarchyRule" level="Global" />
        <RolePrivilege name="prvReadImportMap" level="Global" />
        <RolePrivilege name="prvReadLanguageLocale" level="Global" />
        <RolePrivilege name="prvReadLicense" level="Global" />
        <RolePrivilege name="prvReadMailbox" level="Basic" />
        <RolePrivilege name="prvReadMailboxTrackingFolder" level="Basic" />
        <RolePrivilege name="prvReadMetric" level="Global" />
        <RolePrivilege name="prvReadmsdyn_actioncardregarding" level="Basic" />
        <RolePrivilege name="prvReadmsdyn_actioncardrolesetting" level="Basic" />
        <RolePrivilege name="prvReadmsdyn_entityrankingrule" level="Basic" />
        <RolePrivilege name="prvReadmsdyn_flowcardtype" level="Global" />
        <RolePrivilege name="prvReadmsdyn_PostAlbum" level="Global" />
        <RolePrivilege name="prvReadmsdyn_PostConfig" level="Global" />
        <RolePrivilege name="prvReadmsdyn_PostRuleConfig" level="Global" />
        <RolePrivilege name="prvReadmsdyn_salesinsightssettings" level="Basic" />
        <RolePrivilege name="prvReadmsdyn_wallsavedquery" level="Global" />
        <RolePrivilege name="prvReadmsdyn_wallsavedqueryusersettings" level="Basic" />
        <RolePrivilege name="prvReadNewsArticle" level="Global" />
        <RolePrivilege name="prvReadnhs_Antigen" level="Global" />
        <RolePrivilege name="prvReadnhs_AntigenRarityAssociation" level="Global" />
        <RolePrivilege name="prvReadnhs_AntigenSourceAssociation" level="Global" />
        <RolePrivilege name="prvReadnhs_BloodGroupSystem" level="Global" />
        <RolePrivilege name="prvReadnhs_configentity" level="Global" />
        <RolePrivilege name="prvReadnhs_Country" level="Global" />
        <RolePrivilege name="prvReadnhs_RareBloodSource" level="Global" />
        <RolePrivilege name="prvReadnhs_Rarity" level="Global" />
        <RolePrivilege name="prvReadnhs_RaritySourceAssociation" level="Global" />
        <RolePrivilege name="prvReadnhs_searchexecution" level="Basic" />
        <RolePrivilege name="prvReadnhs_usersupplementaryfields" level="Basic" />
        <RolePrivilege name="prvReadOptionSet" level="Global" />
        <RolePrivilege name="prvReadOrganization" level="Global" />
        <RolePrivilege name="prvReadPersonalDocumentTemplate" level="Basic" />
        <RolePrivilege name="prvReadPluginAssembly" level="Global" />
        <RolePrivilege name="prvReadPluginType" level="Global" />
        <RolePrivilege name="prvReadPosition" level="Global" />
        <RolePrivilege name="prvReadPostFollow" level="Global" />
        <RolePrivilege name="prvReadQuery" level="Global" />
        <RolePrivilege name="prvReadRelationship" level="Global" />
        <RolePrivilege name="prvReadRelationshipRole" level="Global" />
        <RolePrivilege name="prvReadRole" level="Local" />
        <RolePrivilege name="prvReadSavedQueryVisualizations" level="Global" />
        <RolePrivilege name="prvReadSdkMessage" level="Global" />
        <RolePrivilege name="prvReadSdkMessageProcessingStep" level="Global" />
        <RolePrivilege name="prvReadSdkMessageProcessingStepImage" level="Global" />
        <RolePrivilege name="prvReadSharePointData" level="Global" />
        <RolePrivilege name="prvReadSharePointDocument" level="Global" />
        <RolePrivilege name="prvReadSharePointSite" level="Global" />
        <RolePrivilege name="prvReadSystemApplicationMetadata" level="Global" />
        <RolePrivilege name="prvReadSystemForm" level="Global" />
        <RolePrivilege name="prvReadTeam" level="Global" />
        <RolePrivilege name="prvReadTraceLog" level="Global" />
        <RolePrivilege name="prvReadTransactionCurrency" level="Global" />
        <RolePrivilege name="prvReadUserApplicationMetadata" level="Basic" />
        <RolePrivilege name="prvReadUserSettings" level="Global" />
        <RolePrivilege name="prvReadWebResource" level="Global" />
        <RolePrivilege name="prvReadWorkflow" level="Global" />
        <RolePrivilege name="prvReadWorkflowSession" level="Global" />
        <RolePrivilege name="prvShareActionCardUserSettings" level="Basic" />
        <RolePrivilege name="prvShareCallbackRegistration" level="Basic" />
        <RolePrivilege name="prvSharePersonalDocumentTemplate" level="Global" />
        <RolePrivilege name="prvShareWorkflow" level="Basic" />
        <RolePrivilege name="prvShareWorkflowSession" level="Basic" />
        <RolePrivilege name="prvWorkflowExecution" level="Global" />
        <RolePrivilege name="prvWriteActionCard" level="Basic" />
        <RolePrivilege name="prvWriteActionCardUserSettings" level="Basic" />
        <RolePrivilege name="prvWriteAsyncOperation" level="Basic" />
        <RolePrivilege name="prvWriteBookableResourceBookingExchangeSyncIdMapping" level="Basic" />
        <RolePrivilege name="prvWriteCallbackRegistration" level="Basic" />
        <RolePrivilege name="prvWriteMailbox" level="Basic" />
        <RolePrivilege name="prvWriteMailboxTrackingFolder" level="Basic" />
        <RolePrivilege name="prvWritemsdyn_actioncardregarding" level="Basic" />
        <RolePrivilege name="prvWritemsdyn_actioncardrolesetting" level="Basic" />
        <RolePrivilege name="prvWritemsdyn_entityrankingrule" level="Basic" />
        <RolePrivilege name="prvWritemsdyn_flowcardtype" level="Basic" />
        <RolePrivilege name="prvWritemsdyn_PostAlbum" level="Basic" />
        <RolePrivilege name="prvWritemsdyn_salesinsightssettings" level="Basic" />
        <RolePrivilege name="prvWritemsdyn_wallsavedqueryusersettings" level="Basic" />
        <RolePrivilege name="prvWritenhs_usersupplementaryfields" level="Basic" />
        <RolePrivilege name="prvWritePersonalDocumentTemplate" level="Basic" />
        <RolePrivilege name="prvWriteSharePointData" level="Global" />
        <RolePrivilege name="prvWriteUserApplicationMetadata" level="Basic" />
        <RolePrivilege name="prvWriteUserSettings" level="Local" />
        <RolePrivilege name="prvWriteWorkflow" level="Basic" />
        <RolePrivilege name="prvWriteWorkflowSession" level="Basic" />
      </RolePrivileges>
    </Role>
    <Role id="{b6d9a5de-b412-ea11-a811-000d3a86b423}" name="IRDP Contributor" isinherited="0">
      <IsCustomizable>1</IsCustomizable>
      <RolePrivileges>
        <RolePrivilege name="prvActivateSynchronousWorkflow" level="Basic" />
        <RolePrivilege name="prvAppendActionCard" level="Basic" />
        <RolePrivilege name="prvAppendActivity" level="Local" />
        <RolePrivilege name="prvAppendCategory" level="Global" />
        <RolePrivilege name="prvAppendChannelPropertyGroup" level="Global" />
        <RolePrivilege name="prvAppendConstraint" level="Global" />
        <RolePrivilege name="prvAppendImport" level="Local" />
        <RolePrivilege name="prvAppendImportFile" level="Local" />
        <RolePrivilege name="prvAppendImportMap" level="Local" />
        <RolePrivilege name="prvAppendMailbox" level="Basic" />
        <RolePrivilege name="prvAppendMailboxTrackingFolder" level="Basic" />
        <RolePrivilege name="prvAppendmsdyn_actioncardregarding" level="Basic" />
        <RolePrivilege name="prvAppendmsdyn_actioncardrolesetting" level="Basic" />
        <RolePrivilege name="prvAppendmsdyn_entityrankingrule" level="Basic" />
        <RolePrivilege name="prvAppendmsdyn_flowcardtype" level="Basic" />
        <RolePrivilege name="prvAppendmsdyn_PostAlbum" level="Basic" />
        <RolePrivilege name="prvAppendmsdyn_salesinsightssettings" level="Basic" />
        <RolePrivilege name="prvAppendmsdyn_wallsavedqueryusersettings" level="Basic" />
        <RolePrivilege name="prvAppendnhs_AntigenSourceAssociation" level="Local" />
        <RolePrivilege name="prvAppendnhs_RareBloodSource" level="Local" />
        <RolePrivilege name="prvAppendnhs_rarebloodsourceimport" level="Local" />
        <RolePrivilege name="prvAppendnhs_RaritySourceAssociation" level="Local" />
        <RolePrivilege name="prvAppendnhs_searchexecution" level="Basic" />
        <RolePrivilege name="prvAppendnhs_usersupplementaryfields" level="Basic" />
        <RolePrivilege name="prvAppendPersonalDocumentTemplate" level="Basic" />
        <RolePrivilege name="prvAppendPostFollow" level="Basic" />
        <RolePrivilege name="prvAppendToAccount" level="Local" />
        <RolePrivilege name="prvAppendToActionCard" level="Global" />
        <RolePrivilege name="prvAppendToAsyncOperation" level="Basic" />
        <RolePrivilege name="prvAppendtoCategory" level="Global" />
        <RolePrivilege name="prvAppendToChannelPropertyGroup" level="Global" />
        <RolePrivilege name="prvAppendToEmailServerProfile" level="Global" />
        <RolePrivilege name="prvAppendToImport" level="Local" />
        <RolePrivilege name="prvAppendToImportFile" level="Local" />
        <RolePrivilege name="prvAppendToImportMap" level="Local" />
        <RolePrivilege name="prvAppendTomsdyn_actioncardregarding" level="Global" />
        <RolePrivilege name="prvAppendTomsdyn_actioncardrolesetting" level="Global" />
        <RolePrivilege name="prvAppendTomsdyn_entityrankingrule" level="Global" />
        <RolePrivilege name="prvAppendTomsdyn_flowcardtype" level="Global" />
        <RolePrivilege name="prvAppendTomsdyn_PostAlbum" level="Basic" />
        <RolePrivilege name="prvAppendTomsdyn_salesinsightssettings" level="Global" />
        <RolePrivilege name="prvAppendTomsdyn_wallsavedqueryusersettings" level="Basic" />
        <RolePrivilege name="prvAppendTonhs_Antigen" level="Global" />
        <RolePrivilege name="prvAppendTonhs_AntigenSourceAssociation" level="Local" />
        <RolePrivilege name="prvAppendTonhs_Country" level="Global" />
        <RolePrivilege name="prvAppendTonhs_RareBloodSource" level="Local" />
        <RolePrivilege name="prvAppendTonhs_rarebloodsourceimport" level="Local" />
        <RolePrivilege name="prvAppendTonhs_Rarity" level="Global" />
        <RolePrivilege name="prvAppendTonhs_RaritySourceAssociation" level="Local" />
        <RolePrivilege name="prvAppendTonhs_searchexecution" level="Basic" />
        <RolePrivilege name="prvAppendTonhs_usersupplementaryfields" level="Basic" />
        <RolePrivilege name="prvAppendToPersonalDocumentTemplate" level="Basic" />
        <RolePrivilege name="prvAppendToTeam" level="Local" />
        <RolePrivilege name="prvAppendToTraceLog" level="Global" />
        <RolePrivilege name="prvAppendToTransactionCurrency" level="Global" />
        <RolePrivilege name="prvAppendToUser" level="Local" />
        <RolePrivilege name="prvAppendToUserSettings" level="Local" />
        <RolePrivilege name="prvAppendToWorkflow" level="Global" />
        <RolePrivilege name="prvAppendToWorkflowSession" level="Basic" />
        <RolePrivilege name="prvAppendTraceLog" level="Global" />
        <RolePrivilege name="prvAppendTransactionCurrency" level="Global" />
        <RolePrivilege name="prvAppendUser" level="Local" />
        <RolePrivilege name="prvAppendWorkflow" level="Basic" />
        <RolePrivilege name="prvAppendWorkflowSession" level="Basic" />
        <RolePrivilege name="prvAssignActivity" level="Local" />
        <RolePrivilege name="prvAssignAsyncOperation" level="Basic" />
        <RolePrivilege name="prvAssignCallbackRegistration" level="Basic" />
        <RolePrivilege name="prvAssignContact" level="Basic" />
        <RolePrivilege name="prvAssignImport" level="Local" />
        <RolePrivilege name="prvAssignImportFile" level="Local" />
        <RolePrivilege name="prvAssignImportMap" level="Local" />
        <RolePrivilege name="prvAssignnhs_AntigenSourceAssociation" level="Local" />
        <RolePrivilege name="prvAssignnhs_RareBloodSource" level="Local" />
        <RolePrivilege name="prvAssignnhs_rarebloodsourceimport" level="Local" />
        <RolePrivilege name="prvAssignnhs_RaritySourceAssociation" level="Local" />
        <RolePrivilege name="prvAssignPersonalDocumentTemplate" level="Basic" />
        <RolePrivilege name="prvAssignWorkflow" level="Basic" />
        <RolePrivilege name="prvAssignWorkflowSession" level="Basic" />
        <RolePrivilege name="prvBulkEdit" level="Global" />
        <RolePrivilege name="prvCreateActivity" level="Basic" />
        <RolePrivilege name="prvCreateAsyncOperation" level="Basic" />
        <RolePrivilege name="prvCreateBookableResourceBookingExchangeSyncIdMapping" level="Basic" />
        <RolePrivilege name="prvCreateCallbackRegistration" level="Basic" />
        <RolePrivilege name="prvCreateContact" level="Basic" />
        <RolePrivilege name="prvCreateImport" level="Local" />
        <RolePrivilege name="prvCreateImportFile" level="Local" />
        <RolePrivilege name="prvCreateImportMap" level="Local" />
        <RolePrivilege name="prvCreateMailboxTrackingFolder" level="Basic" />
        <RolePrivilege name="prvCreatemsdyn_actioncardregarding" level="Basic" />
        <RolePrivilege name="prvCreatemsdyn_actioncardrolesetting" level="Basic" />
        <RolePrivilege name="prvCreatemsdyn_entityrankingrule" level="Basic" />
        <RolePrivilege name="prvCreatemsdyn_flowcardtype" level="Basic" />
        <RolePrivilege name="prvCreatemsdyn_PostAlbum" level="Basic" />
        <RolePrivilege name="prvCreatemsdyn_salesinsightssettings" level="Basic" />
        <RolePrivilege name="prvCreatemsdyn_wallsavedqueryusersettings" level="Basic" />
        <RolePrivilege name="prvCreatenhs_AntigenSourceAssociation" level="Local" />
        <RolePrivilege name="prvCreatenhs_RareBloodSource" level="Local" />
        <RolePrivilege name="prvCreatenhs_rarebloodsourceimport" level="Local" />
        <RolePrivilege name="prvCreatenhs_RaritySourceAssociation" level="Local" />
        <RolePrivilege name="prvCreatenhs_searchexecution" level="Basic" />
        <RolePrivilege name="prvCreatenhs_usersupplementaryfields" level="Basic" />
        <RolePrivilege name="prvCreateNote" level="Basic" />
        <RolePrivilege name="prvCreatePersonalDocumentTemplate" level="Basic" />
        <RolePrivilege name="prvCreatePluginTraceLog" level="Global" />
        <RolePrivilege name="prvCreatePostFollow" level="Basic" />
        <RolePrivilege name="prvCreateSharePointData" level="Global" />
        <RolePrivilege name="prvCreateTraceLog" level="Global" />
        <RolePrivilege name="prvCreateUserApplicationMetadata" level="Basic" />
        <RolePrivilege name="prvCreateUserSettings" level="Local" />
        <RolePrivilege name="prvCreateWebWizard" level="Global" />
        <RolePrivilege name="prvCreateWizardAccessPrivilege" level="Global" />
        <RolePrivilege name="prvCreateWizardPage" level="Global" />
        <RolePrivilege name="prvCreateWorkflow" level="Basic" />
        <RolePrivilege name="prvCreateWorkflowSession" level="Basic" />
        <RolePrivilege name="prvDeleteActionCardUserSettings" level="Basic" />
        <RolePrivilege name="prvDeleteBookableResourceBookingExchangeSyncIdMapping" level="Basic" />
        <RolePrivilege name="prvDeleteCallbackRegistration" level="Basic" />
        <RolePrivilege name="prvDeleteMailboxTrackingFolder" level="Basic" />
        <RolePrivilege name="prvDeletemsdyn_PostAlbum" level="Basic" />
        <RolePrivilege name="prvDeletemsdyn_wallsavedqueryusersettings" level="Basic" />
        <RolePrivilege name="prvDeletePersonalDocumentTemplate" level="Basic" />
        <RolePrivilege name="prvDeletePostFollow" level="Basic" />
        <RolePrivilege name="prvDeleteUserApplicationMetadata" level="Basic" />
        <RolePrivilege name="prvDeleteUserSettings" level="Local" />
        <RolePrivilege name="prvDeleteWebWizard" level="Global" />
        <RolePrivilege name="prvDeleteWizardAccessPrivilege" level="Global" />
        <RolePrivilege name="prvDeleteWizardPage" level="Global" />
        <RolePrivilege name="prvDeleteWorkflow" level="Basic" />
        <RolePrivilege name="prvDeleteWorkflowSession" level="Basic" />
        <RolePrivilege name="prvFlow" level="Global" />
        <RolePrivilege name="prvReadAccount" level="Global" />
        <RolePrivilege name="prvReadACIViewMapper" level="Global" />
        <RolePrivilege name="prvReadActionCard" level="Basic" />
        <RolePrivilege name="prvReadActionCardUserSettings" level="Basic" />
        <RolePrivilege name="prvReadActivity" level="Basic" />
        <RolePrivilege name="prvReadAppConfigMaster" level="Global" />
        <RolePrivilege name="prvReadApplicationFile" level="Global" />
        <RolePrivilege name="prvReadAppModule" level="Global" />
        <RolePrivilege name="prvReadAsyncOperation" level="Basic" />
        <RolePrivilege name="prvReadAttribute" level="Global" />
        <RolePrivilege name="prvReadAttributeMap" level="Global" />
        <RolePrivilege name="prvReadBookableResourceBookingExchangeSyncIdMapping" level="Basic" />
        <RolePrivilege name="prvReadBusinessUnit" level="Global" />
        <RolePrivilege name="prvReadCallbackRegistration" level="Basic" />
        <RolePrivilege name="prvReadCategory" level="Global" />
        <RolePrivilege name="prvReadChannelPropertyGroup" level="Global" />
        <RolePrivilege name="prvReadComplexControl" level="Global" />
        <RolePrivilege name="prvReadContact" level="Global" />
        <RolePrivilege name="prvReadCustomerRelationship" level="Global" />
        <RolePrivilege name="prvReadCustomization" level="Global" />
        <RolePrivilege name="prvReadDelveActionHub" level="Global" />
        <RolePrivilege name="prvReadDocumentTemplate" level="Global" />
        <RolePrivilege name="prvReadEmailServerProfile" level="Global" />
        <RolePrivilege name="prvReadEntity" level="Global" />
        <RolePrivilege name="prvReadEntityDataProvider" level="Global" />
        <RolePrivilege name="prvReadEntityKey" level="Global" />
        <RolePrivilege name="prvReadEntityMap" level="Global" />
        <RolePrivilege name="prvReadGoal" level="Basic" />
        <RolePrivilege name="prvReadGoalRollupQuery" level="Basic" />
        <RolePrivilege name="prvReadHierarchyRule" level="Global" />
        <RolePrivilege name="prvReadImport" level="Local" />
        <RolePrivilege name="prvReadImportFile" level="Local" />
        <RolePrivilege name="prvReadImportJob" level="Global" />
        <RolePrivilege name="prvReadImportMap" level="Global" />
        <RolePrivilege name="prvReadLanguageLocale" level="Global" />
        <RolePrivilege name="prvReadLicense" level="Global" />
        <RolePrivilege name="prvReadMailbox" level="Basic" />
        <RolePrivilege name="prvReadMailboxTrackingFolder" level="Basic" />
        <RolePrivilege name="prvReadMetric" level="Global" />
        <RolePrivilege name="prvReadmsdyn_actioncardregarding" level="Basic" />
        <RolePrivilege name="prvReadmsdyn_actioncardrolesetting" level="Basic" />
        <RolePrivilege name="prvReadmsdyn_entityrankingrule" level="Basic" />
        <RolePrivilege name="prvReadmsdyn_flowcardtype" level="Global" />
        <RolePrivilege name="prvReadmsdyn_PostAlbum" level="Global" />
        <RolePrivilege name="prvReadmsdyn_PostConfig" level="Global" />
        <RolePrivilege name="prvReadmsdyn_PostRuleConfig" level="Global" />
        <RolePrivilege name="prvReadmsdyn_salesinsightssettings" level="Basic" />
        <RolePrivilege name="prvReadmsdyn_wallsavedquery" level="Global" />
        <RolePrivilege name="prvReadmsdyn_wallsavedqueryusersettings" level="Basic" />
        <RolePrivilege name="prvReadNewsArticle" level="Global" />
        <RolePrivilege name="prvReadnhs_Antigen" level="Global" />
        <RolePrivilege name="prvReadnhs_AntigenRarityAssociation" level="Global" />
        <RolePrivilege name="prvReadnhs_AntigenSourceAssociation" level="Global" />
        <RolePrivilege name="prvReadnhs_BloodGroupSystem" level="Global" />
        <RolePrivilege name="prvReadnhs_configentity" level="Global" />
        <RolePrivilege name="prvReadnhs_Country" level="Global" />
        <RolePrivilege name="prvReadnhs_RareBloodSource" level="Global" />
        <RolePrivilege name="prvReadnhs_rarebloodsourceimport" level="Global" />
        <RolePrivilege name="prvReadnhs_Rarity" level="Global" />
        <RolePrivilege name="prvReadnhs_RaritySourceAssociation" level="Global" />
        <RolePrivilege name="prvReadnhs_searchexecution" level="Basic" />
        <RolePrivilege name="prvReadnhs_usersupplementaryfields" level="Basic" />
        <RolePrivilege name="prvReadNote" level="Deep" />
        <RolePrivilege name="prvReadOptionSet" level="Global" />
        <RolePrivilege name="prvReadOrganization" level="Global" />
        <RolePrivilege name="prvReadPersonalDocumentTemplate" level="Basic" />
        <RolePrivilege name="prvReadPluginAssembly" level="Global" />
        <RolePrivilege name="prvReadPluginType" level="Global" />
        <RolePrivilege name="prvReadPosition" level="Global" />
        <RolePrivilege name="prvReadPostFollow" level="Global" />
        <RolePrivilege name="prvReadQuery" level="Global" />
        <RolePrivilege name="prvReadRelationship" level="Global" />
        <RolePrivilege name="prvReadRelationshipRole" level="Global" />
        <RolePrivilege name="prvReadRole" level="Local" />
        <RolePrivilege name="prvReadSavedQueryVisualizations" level="Global" />
        <RolePrivilege name="prvReadSdkMessage" level="Global" />
        <RolePrivilege name="prvReadSdkMessageProcessingStep" level="Global" />
        <RolePrivilege name="prvReadSdkMessageProcessingStepImage" level="Global" />
        <RolePrivilege name="prvReadSharePointData" level="Global" />
        <RolePrivilege name="prvReadSharePointDocument" level="Global" />
        <RolePrivilege name="prvReadSharePointSite" level="Global" />
        <RolePrivilege name="prvReadSystemApplicationMetadata" level="Global" />
        <RolePrivilege name="prvReadSystemForm" level="Global" />
        <RolePrivilege name="prvReadTeam" level="Global" />
        <RolePrivilege name="prvReadTraceLog" level="Global" />
        <RolePrivilege name="prvReadTransactionCurrency" level="Global" />
        <RolePrivilege name="prvReadUserApplicationMetadata" level="Basic" />
        <RolePrivilege name="prvReadUserSettings" level="Global" />
        <RolePrivilege name="prvReadWebResource" level="Global" />
        <RolePrivilege name="prvReadWebWizard" level="Global" />
        <RolePrivilege name="prvReadWizardAccessPrivilege" level="Global" />
        <RolePrivilege name="prvReadWizardPage" level="Global" />
        <RolePrivilege name="prvReadWorkflow" level="Global" />
        <RolePrivilege name="prvReadWorkflowSession" level="Global" />
        <RolePrivilege name="prvShareActionCardUserSettings" level="Basic" />
        <RolePrivilege name="prvShareCallbackRegistration" level="Basic" />
        <RolePrivilege name="prvSharePersonalDocumentTemplate" level="Global" />
        <RolePrivilege name="prvShareWorkflow" level="Basic" />
        <RolePrivilege name="prvShareWorkflowSession" level="Basic" />
        <RolePrivilege name="prvWorkflowExecution" level="Global" />
        <RolePrivilege name="prvWriteActionCard" level="Basic" />
        <RolePrivilege name="prvWriteActionCardUserSettings" level="Basic" />
        <RolePrivilege name="prvWriteAsyncOperation" level="Basic" />
        <RolePrivilege name="prvWriteBookableResourceBookingExchangeSyncIdMapping" level="Basic" />
        <RolePrivilege name="prvWriteCallbackRegistration" level="Basic" />
        <RolePrivilege name="prvWriteImport" level="Local" />
        <RolePrivilege name="prvWriteImportFile" level="Local" />
        <RolePrivilege name="prvWriteImportJob" level="Global" />
        <RolePrivilege name="prvWriteImportMap" level="Local" />
        <RolePrivilege name="prvWriteMailbox" level="Basic" />
        <RolePrivilege name="prvWriteMailboxTrackingFolder" level="Basic" />
        <RolePrivilege name="prvWritemsdyn_actioncardregarding" level="Basic" />
        <RolePrivilege name="prvWritemsdyn_actioncardrolesetting" level="Basic" />
        <RolePrivilege name="prvWritemsdyn_entityrankingrule" level="Basic" />
        <RolePrivilege name="prvWritemsdyn_flowcardtype" level="Basic" />
        <RolePrivilege name="prvWritemsdyn_PostAlbum" level="Basic" />
        <RolePrivilege name="prvWritemsdyn_salesinsightssettings" level="Basic" />
        <RolePrivilege name="prvWritemsdyn_wallsavedqueryusersettings" level="Basic" />
        <RolePrivilege name="prvWritenhs_AntigenSourceAssociation" level="Local" />
        <RolePrivilege name="prvWritenhs_RareBloodSource" level="Local" />
        <RolePrivilege name="prvWritenhs_rarebloodsourceimport" level="Local" />
        <RolePrivilege name="prvWritenhs_RaritySourceAssociation" level="Local" />
        <RolePrivilege name="prvWritenhs_usersupplementaryfields" level="Basic" />
        <RolePrivilege name="prvWritePersonalDocumentTemplate" level="Basic" />
        <RolePrivilege name="prvWriteSharePointData" level="Global" />
        <RolePrivilege name="prvWriteUserApplicationMetadata" level="Basic" />
        <RolePrivilege name="prvWriteUserSettings" level="Local" />
        <RolePrivilege name="prvWriteWebWizard" level="Global" />
        <RolePrivilege name="prvWriteWizardAccessPrivilege" level="Global" />
        <RolePrivilege name="prvWriteWizardPage" level="Global" />
        <RolePrivilege name="prvWriteWorkflow" level="Basic" />
        <RolePrivilege name="prvWriteWorkflowSession" level="Basic" />
      </RolePrivileges>
    </Role>
  </Roles>
  <Workflows></Workflows>
  <FieldSecurityProfiles></FieldSecurityProfiles>
  <Templates />
  <EntityMaps />
  <EntityRelationships />
  <OrganizationSettings />
  <optionsets />
  <Dashboards>
    <Dashboard>
      <LocalizedNames>
        <LocalizedName description="Contributor Dashboard" languagecode="1033" />
      </LocalizedNames>
      <FormId>{2854ef23-4e68-ea11-a811-000d3a3a7f02}</FormId>
      <IsCustomizable>1</IsCustomizable>
      <IsDefault>0</IsDefault>
      <FormXml>
        <forms type="dashboard">
          <form>
            <tabs>
              <tab showlabel="false" verticallayout="true" id="{2813d563-fa43-4fc8-bd3d-e6469f71726e}">
                <labels>
                  <label description="Tab" languagecode="1033" />
                </labels>
                <columns>
                  <column width="100%">
                    <sections>
                      <section showlabel="false" showbar="false" columns="111" id="{29c3777f-ded7-49f0-9dea-163b6b947b51}" name="{29c3777f-ded7-49f0-9dea-163b6b947b51}" locklevel="0" labelwidth="130">
                        <labels>
                          <label description="Section" languagecode="1033" />
                        </labels>
                        <rows>
                          <row>
                            <cell colspan="1" rowspan="18" showlabel="false" id="{fb0dd181-f305-4a25-b01c-8c61b4aa0b40}" auto="false">
                              <labels>
                                <label description="Rare Blood Sources" languagecode="1033" />
                              </labels>
                              <control id="Componented3d8a8" uniqueid="{d473ea9e-9528-6398-a420-54627c1ee7d9}" classid="{E7A81278-8635-4d9e-8D4D-59480B391C5B}" indicationOfSubgrid="true">
                                <parameters>
                                  <TargetEntityType>nhs_rarebloodsource</TargetEntityType>
                                  <ChartGridMode>Chart</ChartGridMode>
                                  <EnableQuickFind>false</EnableQuickFind>
                                  <EnableViewPicker>false</EnableViewPicker>
                                  <EnableJumpBar>false</EnableJumpBar>
                                  <RecordsPerPage>16</RecordsPerPage>
                                  <HeaderColorCode>#F3F3F3</HeaderColorCode>
                                  <ViewId>{7DEBB83F-BC12-EA11-A811-000D3A86B423}</ViewId>
                                  <IsUserView>false</IsUserView>
                                  <ViewIds>{7DEBB83F-BC12-EA11-A811-000D3A86B423}</ViewIds>
                                  <AutoExpand>Fixed</AutoExpand>
                                  <VisualizationId>{0D97AAD5-4F68-EA11-A811-000D3A3A7F02}</VisualizationId>
                                  <IsUserChart>false</IsUserChart>
                                  <EnableChartPicker>false</EnableChartPicker>
                                  <RelationshipName />
                                </parameters>
                              </control>
                            </cell>
                            <cell colspan="2" rowspan="6" showlabel="true" id="{f517374d-9cd2-48c5-9dcd-0717a972c2df}" auto="false">
                              <labels>
                                <label description="My Team's Donors/Units with Contradictory Antigen Associations" languagecode="1033" />
                              </labels>
                              <control id="Component09ba970" uniqueid="{83ca53cd-cd1e-3c3b-a553-d571a9b36a4b}" classid="{E7A81278-8635-4d9e-8D4D-59480B391C5B}" indicationOfSubgrid="true">
                                <parameters>
                                  <TargetEntityType>nhs_rarebloodsource</TargetEntityType>
                                  <ChartGridMode>Grid</ChartGridMode>
                                  <EnableQuickFind>false</EnableQuickFind>
                                  <EnableViewPicker>false</EnableViewPicker>
                                  <EnableJumpBar>true</EnableJumpBar>
                                  <RecordsPerPage>2</RecordsPerPage>
                                  <HeaderColorCode>#F3F3F3</HeaderColorCode>
                                  <ViewId>{D3A8F555-4E68-EA11-A811-000D3A3A7F02}</ViewId>
                                  <IsUserView>false</IsUserView>
                                  <ViewIds>{7DEBB83F-BC12-EA11-A811-000D3A86B423}</ViewIds>
                                  <AutoExpand>Fixed</AutoExpand>
                                  <VisualizationId>{3BE73CA0-2E68-EA11-A811-000D3A3A7F02}</VisualizationId>
                                  <IsUserChart>false</IsUserChart>
                                  <EnableChartPicker>false</EnableChartPicker>
                                  <RelationshipName />
                                </parameters>
                              </control>
                            </cell>
                          </row>
                          <row />
                          <row />
                          <row />
                          <row />
                          <row />
                          <row>
                            <cell id="{70d41823-402d-b5e6-9a6d-8ead7798b478}" showlabel="true" colspan="2" auto="false" rowspan="6">
                              <labels>
                                <label description="My Team's Donors/Units Last Reviewed &gt; 6 Months Ago" languagecode="1033" />
                              </labels>
                              <control id="Component7395643" classid="{E7A81278-8635-4d9e-8D4D-59480B391C5B}" indicationOfSubgrid="true" uniqueid="{e4b5d9be-dd1e-a90e-c1e1-bb234a75177b}">
                                <parameters>
                                  <ViewId>{680873F6-798F-EA11-A811-000D3A3A7F02}</ViewId>
                                  <IsUserView>false</IsUserView>
                                  <RelationshipName />
                                  <TargetEntityType>nhs_rarebloodsource</TargetEntityType>
                                  <AutoExpand>Fixed</AutoExpand>
                                  <EnableQuickFind>false</EnableQuickFind>
                                  <EnableViewPicker>false</EnableViewPicker>
                                  <ViewIds>{7DEBB83F-BC12-EA11-A811-000D3A86B423}</ViewIds>
                                  <EnableJumpBar>true</EnableJumpBar>
                                  <ChartGridMode>Grid</ChartGridMode>
                                  <VisualizationId>{3BE73CA0-2E68-EA11-A811-000D3A3A7F02}</VisualizationId>
                                  <IsUserChart>false</IsUserChart>
                                  <EnableChartPicker>false</EnableChartPicker>
                                  <RecordsPerPage>2</RecordsPerPage>
                                  <HeaderColorCode>#FEF7F5</HeaderColorCode>
                                </parameters>
                              </control>
                            </cell>
                          </row>
                          <row />
                          <row />
                          <row />
                          <row />
                          <row />
                          <row>
                            <cell colspan="2" rowspan="6" showlabel="true" id="{4098a77c-1913-45e2-b495-f01e66342713}" auto="false">
                              <labels>
                                <label description="My Team's File Upload Errors" languagecode="1033" />
                              </labels>
                              <control id="Component8508827" uniqueid="{ea178830-171c-7d61-c0d4-04870ce0a743}" classid="{E7A81278-8635-4d9e-8D4D-59480B391C5B}" indicationOfSubgrid="true">
                                <parameters>
                                  <TargetEntityType>task</TargetEntityType>
                                  <ChartGridMode>Grid</ChartGridMode>
                                  <EnableQuickFind>false</EnableQuickFind>
                                  <EnableViewPicker>false</EnableViewPicker>
                                  <EnableJumpBar>true</EnableJumpBar>
                                  <RecordsPerPage>2</RecordsPerPage>
                                  <HeaderColorCode>#F3F3F3</HeaderColorCode>
                                  <ViewId>{6612B6CB-4E68-EA11-A811-000D3A3A7F02}</ViewId>
                                  <IsUserView>false</IsUserView>
                                  <ViewIds>{6CF285AA-EB20-4277-925A-3E9735411FF0}</ViewIds>
                                  <AutoExpand>Fixed</AutoExpand>
                                  <VisualizationId>{9E6A8B06-6D14-46E6-BBF5-95C388C6EB7A}</VisualizationId>
                                  <IsUserChart>false</IsUserChart>
                                  <EnableChartPicker>false</EnableChartPicker>
                                  <RelationshipName />
                                </parameters>
                              </control>
                            </cell>
                          </row>
                          <row />
                          <row />
                          <row />
                          <row />
                          <row />
                        </rows>
                      </section>
                    </sections>
                  </column>
                </columns>
              </tab>
            </tabs>
            <controlDescriptions />
          </form>
        </forms>
      </FormXml>
      <IntroducedVersion>0.0.0121.0</IntroducedVersion>
      <IsTabletEnabled>0</IsTabletEnabled>
    </Dashboard>
    <Dashboard>
      <LocalizedNames>
        <LocalizedName description="IRDP Admin Dashboard" languagecode="1033" />
      </LocalizedNames>
      <FormId>{3fd1ef9c-9e6a-ea11-a811-000d3a3a76f4}</FormId>
      <IsCustomizable>1</IsCustomizable>
      <IsDefault>0</IsDefault>
      <FormXml>
        <forms type="dashboard">
          <form>
            <tabs>
              <tab showlabel="false" verticallayout="true" id="{763db3ae-16b3-41cf-ad2f-361e7c7566c2}">
                <labels>
                  <label description="Tab" languagecode="1033" />
                </labels>
                <columns>
                  <column width="100%">
                    <sections>
                      <section showlabel="false" showbar="false" columns="111" id="{5c84bafb-2a81-4aff-bf55-0273e1be671d}">
                        <labels>
                          <label description="Section" languagecode="1033" />
                        </labels>
                        <rows>
                          <row>
                            <cell colspan="1" rowspan="12" showlabel="false" id="{98cee7bc-5545-4fae-a532-388ead4207dd}" auto="false">
                              <labels>
                                <label description="Rare Blood Source" languagecode="1033" />
                              </labels>
                              <control id="Componentc0eba74" uniqueid="{c638a786-0743-9a36-8150-6e174e1acb35}" classid="{E7A81278-8635-4d9e-8D4D-59480B391C5B}" indicationOfSubgrid="true">
                                <parameters>
                                  <TargetEntityType>nhs_rarebloodsource</TargetEntityType>
                                  <ChartGridMode>Chart</ChartGridMode>
                                  <EnableQuickFind>false</EnableQuickFind>
                                  <EnableViewPicker>false</EnableViewPicker>
                                  <EnableJumpBar>false</EnableJumpBar>
                                  <RecordsPerPage>12</RecordsPerPage>
                                  <HeaderColorCode>#FEF7F5</HeaderColorCode>
                                  <ViewId>{AD5FFCC4-9F6A-EA11-A811-000D3A3A76F4}</ViewId>
                                  <IsUserView>false</IsUserView>
                                  <ViewIds>{AD5FFCC4-9F6A-EA11-A811-000D3A3A76F4},{7DEBB83F-BC12-EA11-A811-000D3A86B423}</ViewIds>
                                  <AutoExpand>Fixed</AutoExpand>
                                  <VisualizationId>{6A971FAC-9D6A-EA11-A811-000D3A3A76F4}</VisualizationId>
                                  <IsUserChart>false</IsUserChart>
                                  <EnableChartPicker>false</EnableChartPicker>
                                  <RelationshipName />
                                </parameters>
                              </control>
                            </cell>
                            <cell colspan="1" rowspan="12" showlabel="false" id="{5003d2fb-1a1f-47e5-bccc-5436fec0412f}" auto="false">
                              <labels>
                                <label description="Task" languagecode="1033" />
                              </labels>
                              <control id="Component23188fe" uniqueid="{d96666d8-9918-4b77-831a-341622360b84}" classid="{E7A81278-8635-4d9e-8D4D-59480B391C5B}" indicationOfSubgrid="true">
                                <parameters>
                                  <TargetEntityType>task</TargetEntityType>
                                  <ChartGridMode>Chart</ChartGridMode>
                                  <EnableQuickFind>false</EnableQuickFind>
                                  <EnableViewPicker>false</EnableViewPicker>
                                  <EnableJumpBar>false</EnableJumpBar>
                                  <RecordsPerPage>10</RecordsPerPage>
                                  <HeaderColorCode />
                                  <ViewId>{0C8CB26D-9A6A-EA11-A811-000D3A3A76F4}</ViewId>
                                  <IsUserView>false</IsUserView>
                                  <ViewIds />
                                  <AutoExpand>Fixed</AutoExpand>
                                  <VisualizationId>{3DE5114B-9D6A-EA11-A811-000D3A3A76F4}</VisualizationId>
                                  <IsUserChart>false</IsUserChart>
                                  <EnableChartPicker>false</EnableChartPicker>
                                  <RelationshipName />
                                </parameters>
                              </control>
                            </cell>
                            <cell colspan="1" rowspan="12" showlabel="false" id="{e72e96b7-f3eb-477e-bddc-216700841ce2}" auto="false">
                              <labels>
                                <label description="Rare Blood Source" languagecode="1033" />
                              </labels>
                              <control id="Component7a73c8a" uniqueid="{9b50e40b-3374-36c2-5361-2830daddd70a}" classid="{E7A81278-8635-4d9e-8D4D-59480B391C5B}" indicationOfSubgrid="true">
                                <parameters>
                                  <TargetEntityType>nhs_rarebloodsource</TargetEntityType>
                                  <ChartGridMode>Chart</ChartGridMode>
                                  <EnableQuickFind>false</EnableQuickFind>
                                  <EnableViewPicker>false</EnableViewPicker>
                                  <EnableJumpBar>false</EnableJumpBar>
                                  <RecordsPerPage>12</RecordsPerPage>
                                  <HeaderColorCode>#FEF7F5</HeaderColorCode>
                                  <ViewId>{03375819-996A-EA11-A811-000D3A3A76F4}</ViewId>
                                  <IsUserView>false</IsUserView>
                                  <ViewIds>{03375819-996A-EA11-A811-000D3A3A76F4},{7DEBB83F-BC12-EA11-A811-000D3A86B423}</ViewIds>
                                  <AutoExpand>Fixed</AutoExpand>
                                  <VisualizationId>{24C7BC2A-9E6A-EA11-A811-000D3A3A76F4}</VisualizationId>
                                  <IsUserChart>false</IsUserChart>
                                  <EnableChartPicker>false</EnableChartPicker>
                                  <RelationshipName />
                                </parameters>
                              </control>
                            </cell>
                          </row>
                          <row />
                          <row />
                          <row />
                          <row />
                          <row />
                          <row />
                          <row />
                          <row />
                          <row />
                          <row />
                          <row />
                          <row>
                            <cell colspan="1" rowspan="12" showlabel="true" id="{d5564164-6903-4d99-b119-7d859c166205}" auto="false">
                              <labels>
                                <label description="Stale Donors/Units" languagecode="1033" />
                              </labels>
                              <control id="Componentebb5662" uniqueid="{7b412222-7449-08b1-4c4e-dc1694b1148e}" classid="{E7A81278-8635-4d9e-8D4D-59480B391C5B}" indicationOfSubgrid="true">
                                <parameters>
                                  <TargetEntityType>nhs_rarebloodsource</TargetEntityType>
                                  <ChartGridMode>Grid</ChartGridMode>
                                  <EnableQuickFind>true</EnableQuickFind>
                                  <EnableViewPicker>false</EnableViewPicker>
                                  <EnableJumpBar>true</EnableJumpBar>
                                  <RecordsPerPage>8</RecordsPerPage>
                                  <HeaderColorCode>#FEF7F5</HeaderColorCode>
                                  <ViewId>{AD5FFCC4-9F6A-EA11-A811-000D3A3A76F4}</ViewId>
                                  <IsUserView>false</IsUserView>
                                  <ViewIds>{AD5FFCC4-9F6A-EA11-A811-000D3A3A76F4},{7DEBB83F-BC12-EA11-A811-000D3A86B423}</ViewIds>
                                  <AutoExpand>Fixed</AutoExpand>
                                  <VisualizationId>{3BE73CA0-2E68-EA11-A811-000D3A3A7F02}</VisualizationId>
                                  <IsUserChart>false</IsUserChart>
                                  <EnableChartPicker>false</EnableChartPicker>
                                  <RelationshipName />
                                </parameters>
                              </control>
                            </cell>
                            <cell colspan="1" rowspan="12" showlabel="true" id="{35cbe088-dc21-4904-bf44-8fc1e1bd768a}" auto="false">
                              <labels>
                                <label description="Outstanding File Rejection Tasks" languagecode="1033" />
                              </labels>
                              <control id="Componentb4d0d12" uniqueid="{54b20dc4-7c60-2864-6437-a801b5bacab3}" classid="{E7A81278-8635-4d9e-8D4D-59480B391C5B}" indicationOfSubgrid="true">
                                <parameters>
                                  <TargetEntityType>task</TargetEntityType>
                                  <ChartGridMode>Grid</ChartGridMode>
                                  <EnableQuickFind>true</EnableQuickFind>
                                  <EnableViewPicker>false</EnableViewPicker>
                                  <EnableJumpBar>true</EnableJumpBar>
                                  <RecordsPerPage>8</RecordsPerPage>
                                  <HeaderColorCode>#FEF7F5</HeaderColorCode>
                                  <ViewId>{0C8CB26D-9A6A-EA11-A811-000D3A3A76F4}</ViewId>
                                  <IsUserView>false</IsUserView>
                                  <ViewIds>{6CF285AA-EB20-4277-925A-3E9735411FF0}</ViewIds>
                                  <AutoExpand>Fixed</AutoExpand>
                                  <VisualizationId>{9E6A8B06-6D14-46E6-BBF5-95C388C6EB7A}</VisualizationId>
                                  <IsUserChart>false</IsUserChart>
                                  <EnableChartPicker>false</EnableChartPicker>
                                  <RelationshipName />
                                </parameters>
                              </control>
                            </cell>
                            <cell colspan="1" rowspan="12" showlabel="true" id="{da35a510-ff07-40bb-ad58-47ff1b68320a}" auto="false">
                              <labels>
                                <label description="Donors/Units with Contradictory Antigens" languagecode="1033" />
                              </labels>
                              <control id="Component7709718" uniqueid="{21427e81-b41b-8056-9e20-0b5e1b1760de}" classid="{E7A81278-8635-4d9e-8D4D-59480B391C5B}" indicationOfSubgrid="true">
                                <parameters>
                                  <TargetEntityType>nhs_rarebloodsource</TargetEntityType>
                                  <ChartGridMode>Grid</ChartGridMode>
                                  <EnableQuickFind>true</EnableQuickFind>
                                  <EnableViewPicker>false</EnableViewPicker>
                                  <EnableJumpBar>true</EnableJumpBar>
                                  <RecordsPerPage>8</RecordsPerPage>
                                  <HeaderColorCode>#FEF7F5</HeaderColorCode>
                                  <ViewId>{03375819-996A-EA11-A811-000D3A3A76F4}</ViewId>
                                  <IsUserView>false</IsUserView>
                                  <ViewIds />
                                  <AutoExpand>Fixed</AutoExpand>
                                  <VisualizationId>{3BE73CA0-2E68-EA11-A811-000D3A3A7F02}</VisualizationId>
                                  <IsUserChart>false</IsUserChart>
                                  <EnableChartPicker>false</EnableChartPicker>
                                  <RelationshipName />
                                </parameters>
                              </control>
                            </cell>
                          </row>
                          <row />
                          <row />
                          <row />
                          <row />
                          <row />
                          <row />
                          <row />
                          <row />
                          <row />
                          <row />
                          <row />
                        </rows>
                      </section>
                    </sections>
                  </column>
                </columns>
              </tab>
            </tabs>
            <controlDescriptions />
            <DisplayConditions>
              <Role Id="{B227D587-BC12-EA11-A811-000D3A86B423}" />
              <Role Id="{627090ff-40a3-4053-8790-584edc5be201}" />
            </DisplayConditions>
          </form>
        </forms>
      </FormXml>
      <IntroducedVersion>0.0.0127.0</IntroducedVersion>
      <IsTabletEnabled>0</IsTabletEnabled>
    </Dashboard>
  </Dashboards>
  <WebResources>
    <WebResource>
      <WebResourceId>{ad9fd7bd-7c72-ea11-a811-000d3a3a76f4}</WebResourceId>
      <Name>nhs_EarthWhite</Name>
      <DisplayName>SVG - Earth (White)</DisplayName>
      <LanguageCode>1033</LanguageCode>
      <WebResourceType>11</WebResourceType>
      <IntroducedVersion>0.0.0139.0</IntroducedVersion>
      <IsEnabledForMobileClient>0</IsEnabledForMobileClient>
      <IsAvailableForMobileOffline>0</IsAvailableForMobileOffline>
      <DependencyXml>&lt;Dependencies&gt;&lt;Dependency componentType="WebResource"/&gt;&lt;/Dependencies&gt;</DependencyXml>
      <IsCustomizable>1</IsCustomizable>
      <CanBeDeleted>1</CanBeDeleted>
      <IsHidden>0</IsHidden>
      <FileName>/WebResources/nhs_EarthWhiteAD9FD7BD-7C72-EA11-A811-000D3A3A76F4</FileName>
    </WebResource>
  </WebResources>
  <CustomControls />
  <AppModules>
    <AppModule>
      <UniqueName>CustomerServiceTeamMember</UniqueName>
      <IntroducedVersion>9.1.0.0</IntroducedVersion>
      <WebResourceId>ad9fd7bd-7c72-ea11-a811-000d3a3a76f4</WebResourceId>
      <OptimizedFor></OptimizedFor>
      <FormFactor>1</FormFactor>
      <ClientType>4</ClientType>
      <NavigationType>0</NavigationType>
      <AppModuleComponents>
        <AppModuleComponent type="60" id="{2854ef23-4e68-ea11-a811-000d3a3a7f02}" solutionaction="Added" />
        <AppModuleComponent type="60" id="{3fd1ef9c-9e6a-ea11-a811-000d3a3a76f4}" solutionaction="Added" />
        <AppModuleComponent type="1" schemaName="account" solutionaction="Added" />
        <AppModuleComponent type="60" id="{faa94f83-5816-446c-b8a7-d35f65805e03}" solutionaction="Added" />
        <AppModuleComponent type="26" id="{00000000-0000-0000-00aa-000010001002}" solutionaction="Added" />
        <AppModuleComponent type="26" id="{65ffaf9a-e8c5-432d-860b-32f841b00d87}" solutionaction="Added" />
        <AppModuleComponent type="26" id="{00000000-0000-0000-00aa-000010001031}" solutionaction="Added" />
        <AppModuleComponent type="26" id="{1188c3b9-b812-ea11-a811-000d3a86b423}" solutionaction="Added" />
        <AppModuleComponent type="1" schemaName="nhs_antigen" solutionaction="Added" />
        <AppModuleComponent type="1" schemaName="nhs_antigenrarityassociation" solutionaction="Added" />
        <AppModuleComponent type="1" schemaName="nhs_antigensourceassociation" solutionaction="Added" />
        <AppModuleComponent type="1" schemaName="nhs_bloodgroupsystem" solutionaction="Added" />
        <AppModuleComponent type="1" schemaName="nhs_configentity" solutionaction="Added" />
        <AppModuleComponent type="1" schemaName="contact" solutionaction="Added" />
        <AppModuleComponent type="60" id="{29de27bc-a257-4f29-99cf-bab4a84e688f}" solutionaction="Added" />
        <AppModuleComponent type="60" id="{91f337ad-a1b0-4b47-a5a7-c77e6fa4e988}" solutionaction="Added" />
        <AppModuleComponent type="26" id="{d18b78b6-b912-ea11-a811-000d3a86b423}" solutionaction="Added" />
        <AppModuleComponent type="26" id="{afdb2b7a-f43d-ea11-a812-000d3a3a7f02}" solutionaction="Added" />
        <AppModuleComponent type="1" schemaName="nhs_country" solutionaction="Added" />
        <AppModuleComponent type="1" schemaName="nhs_rarebloodsource" solutionaction="Added" />
        <AppModuleComponent type="26" id="{cb553cdf-6dc5-48e9-ae1f-fd6453d3e034}" solutionaction="Added" />
        <AppModuleComponent type="26" id="{817a5fc7-e0ac-4fad-aa4a-172dd809796b}" solutionaction="Added" />
        <AppModuleComponent type="26" id="{7debb83f-bc12-ea11-a811-000d3a86b423}" solutionaction="Added" />
        <AppModuleComponent type="26" id="{680873f6-798f-ea11-a811-000d3a3a7f02}" solutionaction="Added" />
        <AppModuleComponent type="26" id="{d3a8f555-4e68-ea11-a811-000d3a3a7f02}" solutionaction="Added" />
        <AppModuleComponent type="26" id="{9beeb949-2a68-ea11-a811-000d3a3a7f02}" solutionaction="Added" />
        <AppModuleComponent type="26" id="{71e14ba5-9f49-ea11-a812-000d3a3a76f4}" solutionaction="Added" />
        <AppModuleComponent type="59" id="{3be73ca0-2e68-ea11-a811-000d3a3a7f02}" solutionaction="Added" />
        <AppModuleComponent type="59" id="{0d97aad5-4f68-ea11-a811-000d3a3a7f02}" solutionaction="Added" />
        <AppModuleComponent type="59" id="{6a971fac-9d6a-ea11-a811-000d3a3a76f4}" solutionaction="Added" />
        <AppModuleComponent type="59" id="{24c7bc2a-9e6a-ea11-a811-000d3a3a76f4}" solutionaction="Added" />
        <AppModuleComponent type="1" schemaName="nhs_rarity" solutionaction="Added" />
        <AppModuleComponent type="1" schemaName="nhs_raritysourceassociation" solutionaction="Added" />
        <AppModuleComponent type="1" schemaName="nhs_searchexecution" solutionaction="Added" />
        <AppModuleComponent type="60" id="{55e7431f-c554-450b-bc71-d6fb257078ed}" solutionaction="Added" />
        <AppModuleComponent type="26" id="{526cbd44-2e72-407c-b207-58b958fdc193}" solutionaction="Added" />
        <AppModuleComponent type="26" id="{147a7184-2f68-ea11-a811-000d3a3a7f02}" solutionaction="Added" />
        <AppModuleComponent type="1" schemaName="task" solutionaction="Added" />
        <AppModuleComponent type="26" id="{0c8cb26d-9a6a-ea11-a811-000d3a3a76f4}" solutionaction="Added" />
        <AppModuleComponent type="26" id="{2b5f5a5d-2d23-4fe7-aa58-e77995368ae7}" solutionaction="Added" />
        <AppModuleComponent type="26" id="{6cf285aa-eb20-4277-925a-3e9735411ff0}" solutionaction="Added" />
        <AppModuleComponent type="26" id="{6612b6cb-4e68-ea11-a811-000d3a3a7f02}" solutionaction="Added" />
        <AppModuleComponent type="26" id="{4340434c-44c5-4527-a915-d03af5d261cd}" solutionaction="Added" />
        <AppModuleComponent type="26" id="{bd9e5b3b-94ae-4c4a-9e79-2e7aefee4f5e}" solutionaction="Added" />
        <AppModuleComponent type="26" id="{20dafc19-ab36-4ab3-bce8-1f431d08748f}" solutionaction="Added" />
        <AppModuleComponent type="59" id="{3de5114b-9d6a-ea11-a811-000d3a3a76f4}" solutionaction="Added" />
        <AppModuleComponent type="59" id="{9e6a8b06-6d14-46e6-bbf5-95c388c6eb7a}" solutionaction="Added" />
        <AppModuleComponent type="1" schemaName="team" solutionaction="Added" />
        <AppModuleComponent type="26" id="{57e39843-404c-48e5-b1d9-1889098fb65c}" solutionaction="Added" />
        <AppModuleComponent type="1" schemaName="systemuser" solutionaction="Added" />
        <AppModuleComponent type="26" id="{00000000-0000-0000-00aa-000010001119}" solutionaction="Added" />
        <AppModuleComponent type="26" id="{5953249b-2a59-43bf-a94f-6b8cc1f2d245}" solutionaction="Added" />
        <AppModuleComponent type="26" id="{00000000-0000-0000-00aa-000010001019}" solutionaction="Added" />
        <AppModuleComponent type="26" id="{aeb14365-3868-ea11-a811-000d3a3a7f02}" solutionaction="Added" />
        <AppModuleComponent type="26" id="{d9089eb6-ee9f-4747-8de4-cd664f182c7d}" solutionaction="Added" />
        <AppModuleComponent type="1" schemaName="incident" solutionaction="Removed" />
        <AppModuleComponent type="26" id="{fdfa686a-8230-ea11-a81c-000d3afd5852}" solutionaction="Removed" />
        <AppModuleComponent type="26" id="{182a7fcf-d011-ea11-a81d-000d3a063867}" solutionaction="Removed" />
        <AppModuleComponent type="26" id="{719f8513-077d-482c-9250-cc8acbb79413}" solutionaction="Removed" />
        <AppModuleComponent type="26" id="{cc6bc541-36e4-4ceb-8b3f-ab3837236cc1}" solutionaction="Removed" />
        <AppModuleComponent type="59" id="{fb14a378-8b1d-ea11-a81f-000d3ac39f76}" solutionaction="Removed" />
        <AppModuleComponent type="60" id="{9a48370e-8d1d-ea11-a81f-000d3ac39f76}" solutionaction="Removed" />
        <AppModuleComponent type="60" id="{b5ca230c-0451-4ad0-afd5-9a9dbeb7f766}" solutionaction="Removed" />
        <AppModuleComponent type="60" id="{c7ff9a7d-cf27-4043-9614-c790e267dd2b}" solutionaction="Removed" />
      </AppModuleComponents>
      <AppModuleRoleMaps>
        <Role id="{b6d9a5de-b412-ea11-a811-000d3a86b423}" />
        <Role id="{350d0832-8e1b-ea11-a81d-000d3a6d6cdc}" />
        <Role id="{119f245c-3cc8-4b62-b31c-d1a046ced15d}" />
        <Role id="{627090ff-40a3-4053-8790-584edc5be201}" />
        <Role id="{d986fdc5-ae12-ea11-a811-000d3a86b423}" />
        <Role id="{b227d587-bc12-ea11-a811-000d3a86b423}" />
      </AppModuleRoleMaps>
      <AppConfig>
        <IntroducedVersion>9.1.0.0</IntroducedVersion>
        <AppModuleUniqueName>CustomerServiceTeamMember</AppModuleUniqueName>
        <StatusCode>1</StatusCode>
        <StateCode>0</StateCode>
        <AppConfigInstances />
        <NavigationSettings />
      </AppConfig>
      <LocalizedNames>
        <LocalizedName description="IRDP Customer Service Team Member" languagecode="1033" />
      </LocalizedNames>
      <Descriptions>
        <Description description="Enable employees to self-serve by searching for knowledge articles and creating cases​." languagecode="1033" />
      </Descriptions>
    </AppModule>
  </AppModules>
  <EntityDataProviders />
  <Languages>
    <Language>1033</Language>
  </Languages>
</ImportExportXml>